ǃKung;khi-kun
ǂKxʼauǁʼein;aue
Abar;mij
Abewa;aum
Abipon;axb
Abu' Arapesh;aah
Acadian French;fra-aca
Ache;yif
Adabe;adb
Adai;xad
Adamawa Fulfulde;fub
Adasen;tiu
Adivasi Oriya;ort
Afghan Sign Language;afg
Afra;ulf
Aghu Tharnggalu;ggr
Agob;kit
Aguacateco;agu
Aguano;aga
Aheu;thm
Aimaq;aiq
Aiwoo;nfl
Aka;soh
Aka-Jeru;akj
Albanian Sign Language;sqk
Algerian Saharan Arabic;aao
Algerian Sign Language;asp
Alo Phola;ypo
Alor;aol
Al-Sayyid Bedouin Sign Language;syy
Alsea;aes
Aluo;yna
Amdo Tibetan;adx
Ammonite;sem-amm
Amundava;adw
Amuzgo;amu
Anal;anm
Anamgura;imi
Ancient Zapotec;xzp
Andaqui;ana
Anfillo;myo
Angas;anc
Angosturas Tunebo;tnd
Ani Phowa;ypn
Anyin;any
Ap Ma;kbx
Aramanik;aam
Aranama-Tamique;xrt
Arawak;arw
Arbëreshë Albanian;aae
Ardhamagadhi Prakrit;pka
Arma;aoh
Armazic;xrm
Armenian Sign Language;aen
Arutani;atx
Arvanitika Albanian;aat
Asas;asd
Asho Chin;csh
Ashtiani;atn
Assangori;sjg
Asu;asa
Asue Awyu;psa
A'tong;aot
Atong;ato
Atzingo Matlatzinca;ocu
Augila;auj
'Auhelawa;kud
Australian Manda;zma
Austronesian Mor;mhz
Awa;awb
Awad Bing;bcu
Awu;yiu
Axi Yi;yix
Ayautla Mazatec;vmy
Ayizi;yyz
Ayizo Gbe;ayb
Aynu;aib
Azhe;yiz
Baa;kwb
Babalia Creole Arabic;bbz
Babine;bcr
Badui;bac
Bafaw-Balong;bwt
Baga Binari;bcg
Baga Mboteni;bgm
Bagirmi Fulfulde;fui
Bago-Kusuntu;bqg
Baha Buyang;yha
Bahamas Creole English;bah
Baima;bqh
Bamako Sign Language;bog
Bamun;bax
Ban Khor Sign Language;bfk
Banam Bay;vrt
Banda (Indonesia);bnd
Banda-Yangere;yaj
Bandjigali;bjd
Banggarla;bjb
Bangi Me;dba
Bankagooma;bxw
Bannoni;bcm
Banyumasan;map-bms
Baoulé;bci
Barbacoas;bpb
Barro Negro Tunebo;tbn
Batak Dairi;\N
Batak Karo;\N
Batak Toba;\N
Batak;bya
Batyala;xby
Bazigar;bfr
Belize Kriol English;bzj
Ben Tey Dogon;dbt
Bengkala Sign Language;bqy
Beothuk;bue
Bhalay;bhx
Bhatola;btl
Bhaya;bhe
Bhoti Kinnauri;nes
Biao Mon;bmt
Bibbulman;xbp
Bikol;bik
Bilma Kanuri;bms
Bindal;xbd
Bini;bin
Birked;brk
Bisaya;\N
Bitur;mcc
Bo;bgl
Bodo (Central African Republic);boy
Bokha;ybk
Bolak;art-blk
Bolo;blv
Boma;boh
Bon Gula;glc
Bontoc;bnc
Borana-Arsi-Guji Oromo;gax
Border Kuna;kvn
Borgu Fulfulde;fue
Bouna Kulango;nku
Bo-Ung;mux
Brek Karen;kvl
Brunei;kxd
Budeh Stieng;stt
Bugawac;buk
Buksa;tkb
Bukwen;buz
Bulgarian Sign Language;bqn
Bullom So;buy
Bulu (Papua New Guinea);bjl
Bulu;bum
Bumang;bvp
Bunganditj;xbg
Bunoge Dogon;dgb
Bunurong;aus-bun
Bura-Pabir;bwr
Bushi;buc
Buya;byy
Buyuan Jinuo;jiy
Byep;mkk
Byzantine Greek;gkm
Bädi Kanum;khd
Cafundo Creole;ccd
Cagua;cbh
Cajun French;frc
Cakchiquel;cak
Cakchiquel-Quiché Mixed Language;ckz
Calabrian Greek;grk-cal
Callawalla;caw
Camba;xba
Camling;rab
Campidanese Sardinian;sro
Camunic;xcc
Cao Miao;cov
Cayuse;xcy
Cebaara Senoufo;sef
Cemuhî;cam
Central Aymara;ayr
Central Berawan;zbc
Central Bontok;lbk
Central Hongshuihe Zhuang;zch
Central Huishui Hmong;hmc
Central Kanuri;knc
Central Maewo;mwo
Central Mashan Hmong;hmm
Central-Eastern Niger Fulfulde;fuq
Chadong;cdy
Chalikha;tgf
Chamari;cdg
Chango;snq
Chaudangsi;cdn
Chaungtha;ccq
Che;ruk
Chepya;ycp
Cheq Wong;cwg
Chesu;ych
Chetco;ctc
Chiangmai Sign Language;csd
Chidigo;dig
Chinbon Chin;cnb
Chinese Sign Language;csl
Chinese;\N
Chipiajes;cbe
Chitkuli Kinnauri;cik
Chitonga;tog
Chitwania Tharu;the
Chocangacakha;cgk
Chokri Naga;nri
Cholón;cht
Choni;cda
Chorasmian;xco
Chukwa;cuw
Chuwabu;chw
Chuvantsy;xcv
Citak;txt
Ciwogai;tgd
Classical Newari;nwc
C'lela;dri
Coahuilteco;xcw
Cocama-Cocamilla;cod
Col;liw
Colorado;cof
Comecrudo;xcm
Communicationssprache;art-com
Comorian;\N
Con;cno
Côông;cnc
Cotoname;xcn
Coxima;kox
Crimean Gothic;gme-cgo
Croatian Sign Language;csq
Cumbric;xcb
Cumeral;cum
Daantanai';lni
Dabarre;dbr
Dai Zhuang;zhd
Dakaka;bpa
Dakka;dkk
Dakpakha;dka
Dama;dmm
Damal;uhn
Dameli;dml
Dan;daf
Danau;dnu
Dangaura Tharu;thl
Darkinjung;aus-dar
Darling;drl
Darmiya;drd
Daza;dzd
Deccan;dcc
Degaru;dgu
Dek;dek
Dela-Oenale;row
Dezfuli;def
Dhanki;dhn
Dhao;nfa
Dhargari;dhr
Dhuwal;duj
Dibole;bvx
Diebroud;tbp
Digaro-Mishmi;mhu
Diitidaht;dtd
Dima;jma
Dime;dim
Dimir;dmc
Dirari;dit
Ditammari;tbz
Diudish;diu
Diuwe;diy
Djamindjung;djd
Djeebbana;djj
Djimini Senoufo;dyi
Dogoso;dgs
Dogul Dom Dogon;dbg
Dolpo;dre
Dombe;dov
Dongotono;ddd
Dongshanba Lalo;yik
Doromu-Koki;kqc
Dororo;drr
Dubli;dub
Duke;nke
Dungmali;raa
Dupaninan Agta;duo
Durango Nahuatl;nln
Dutch Low Saxon;nds-nl
Duungooma;dux
Dza;jen
Dzalakha;dzl
Dzao Min;bpn
Dzùùngoo;dnn
Early Tripuri;xtr
East Ambae;omb
East Berawan;zbe
East Kewa;kjs
East Limba;lma
East Tarangan;tre
Eastern Balochi;bgp
Eastern Bontok;ebk
Eastern Egyptian Bedawi Arabic;avl
Eastern Frisian;frs
Eastern Hongshuihe Zhuang;zeh
Eastern Huishui Hmong;hme
Eastern Karaboro;xrb
Eastern Krahn;kqo
Eastern Lalu;yit
Eastern Mari;chm
Eastern Muria;emu
Eastern Nisu;nos
Eastern Persian;prs
Eastern Qiandong Miao;hmq
Eastern Xiangxi Miao;muq
Egyptian Sign Language;esl
Elfdalian;dlc
Eloi;art-elo
Elseng;mrf
E'ma Buyang;yzg
Emai-Iuleha-Ora;ema
Emem;enr
Emok;emo
Enrekang;ptt
Enu;enu
Epi-Olmec;xep
Erave;kjy
Eteocretan;ecr
Eteocypriot;ecy
Ethiopian Sign Language;eth
Ewage-Notu;nou
Fang;fak
Fanti;fat
Far Western Muria;fmu
Flemish Sign Language;vgt
Frankish;frk
French Belgian Sign Language;sfb
Gaa;ttb
Gabi;aus-gab
Gabi-Gabi;gbw
Gade Lohar;gda
Gail;gic
Galibi Carib;car
Galindan;xgl
Gallo;roa-gal
Gallurese Sardinian;sdn
Gam;kmc
Gambian Wolof;wof
Gangte;gnb
Gangulu;gnl
Garawa;gbc
Garingbal;xgi
Garza;xgr
Gata';gaq
Gaulish;cel-gau
Gavar;gou
Gavião Do Jiparaná;gvo
Gazi;gzi
Gbati-ri;gti
Gbaya;gba
Geko Karen;ghk
Gelao;gio
Gepo;ygp
German Low German;nds-de
Ghandruk Sign Language;gds
Gheg Albanian;aln
Ghera;ghr
Ghodoberi;gdo
Ghomálá';bbj
Ghotuo;aaa
Giiwo;kks
Gimme;kmp
Ginuman;gnm
Ginyanga;ayg
Gitonga;toh
Giyug;giy
Gizrra;tof
Glaro-Twabo;glr
Glio-Oubi;oub
Gnau;gnu
Goa'uld;art-gld
Gobu;gox
Godié;god
Gongduk;goe
Goreng;xgg
Gorowa;gow
Goundo;goy
Gowlan;goj
Gowli;gok
Greek Sign Language;gss
Green Gelao;giq
Greenlandic Eskimo Pidgin;crp-gep
Groma;gro
Guanche;gnc
Guanyinqiao;jiq
Gudang;xgd
Gudanji;nji
Guernésiais;roa-grn
Guevea De Humboldt Zapotec;zpg
Gugu Warra;wrw
Gugubera;kkp
Gugu-Mini;ggm
Guibei Zhuang;zgb
Guiberoua Béte;bet
Guibian Zhuang;zgn
Guiqiong;gqi
Gule;gly
Guliguli;gli
Gunditjmara;gjm
Gundungurra;xrd
Guntai;gnt
Gurdjar;gdj
Gureng Gureng;gnr
Gutnish;gmq-gut
Guwa;xgw
Guwinmal;xgm
Ha;haq
Hadrami Arabic;ayh
Haiphong Sign Language;haf
Haji;hji
Halang Doan;hld
Hamap;hmu
Han;haa
Hangaza;han
Hano;lml
Harami;xha
Haruai;tmd
Haruku;hrk
Hasha;ybj
Hassaniya;mey
Hatam;had
Hazaragi;haz
Heiban;hbn
Helambu Sherpa;scp
Hemba;hem
Herdé;hed
Hewa;ham
Hibito;hib
Highland Konjo;kjk
Hijuk;hij
Himarimã;hir
Hindi Dogri;dgo
Hinduri;hii
Hixkaryána;hix
Hlepho Phowa;yhl
Hlersu;hle
Hmong Daw;mww
Hmong Dô;hmv
Hmong Don;hmf
Hmong Njua;hnj
Hmong Shua;hmz
Hmong;hmn
Hoia Hoia;hhi
Holiya;hoy
Hõne;juh
Hong Kong Sign Language;hks
Honi;how
Horned Miao;hrm
Horo;hor
Horpa;ero
Horuru;hrr
Hovongan;hov
Hozo;hoz
Hrangkhol;hra
Hre;hre
Hruso;hru
Hu;huo
Huba;hbb
Huehuetla Tepehua;tee
Hulung;huk
Humburi Senni Songhay;hmb
Humla;hut
Hung;hnu
Hungana;hum
Hunjara-Kaina Ke;hkk
Hunnic;xhc
Hun-Saare;dud
Hupla;hap
Iapama;iap
Iatmul;ian
Iau;tmu
Ibali Teke;tek
Ibani;iby
Ibilo;ibi
Ibu;ibu
Ibuoro;ibr
Idakho-Isukha-Tiriki;ida
Idere;ide
Idon;idc
Idu-Mishmi;clk
Iduna;viv
Iha Based Pidgin;ihb
Iha;ihp
Ika;ikk
Iku-Gora-Ankwa;ikv
Ikwere;ikw
Ile Ape;ila
Ili'uun;ilu
Ilwana;mlk
Imbongu;imo
Imeraguen;ime
Imonda;imn
Imroing;imr
Indian Sign Language;ins
Indri;idr
Indus Valley Language;xiv
Inebu One;oin
Inlaod Itneg;iti
Inoke-Yate;ino
Inpui Naga;nkf
International Sign;ils
Ipiko;ipo
Ipili;ipi
Ir;irr
Irántxe;irn
Irigwe;iri
Isabi;isa
Isebe;igo
Isekiri;its
Isirawa;srl
Island Carib;crb
Isthmus-Cosoleacaque Nahuatl;nhk
Isthmus-Mecayapan Nahuatl;nhx
Isthmus-Pajapan Nahuatl;nhp
Iteri;itr
Itik;itx
Itonama;ito
Itzá;itz
I-Wak;iwk
Iwam;iwm
Ivbie North-Okpela-Arhe;atg
Iwur;iwo
Ixcatec;ixc
Izi-Ezaa-Ikwo-Mgbo;izi
Jad;jda
Jadgali;jdg
Jaimatang;xjt
Jakun;jak
Jalapa De Díaz Mazatec;maj
Jamsay Dogon;djm
Jangkang;djo
Janji;jni
Jebero;jeb
Jehai;jhi
Jere;jer
Jèrriais;roa-jer
Jersey Dutch;gmw-jdt
Jerung;jee
Jhankot Sign Language;jhs
Jiamao;jio
Jiarong;jya
Jiba;juo
Jilbe;jie
Jilim;jil
Jina;jia
Jingulu;jig
Jinyu;cjy
Jiongnai Bunu;pnu
Jirel;jul
Jiru;jrr
Joba;job
Jofotek-Bromnya;jbr
Jonkor Bourmataguil;jeu
Jorto;jrt
Ju;juu
Judeo-Arabic;jrb
Judeo-Berber;jbe
Judeo-Georgian;jge
Judeo-Iraqi Arabic;yhd
Judeo-Moroccan Arabic;aju
Judeo-Tripolitanian Arabic;yud
Judeo-Tunisian Arabic;ajt
Judeo-Yemeni Arabic;jye
Jumla Sign Language;jus
Jumli;jml
Juquila Mixe;mxq
Juray;juy
Kaamba;xku
Kaan;ldl
Kaansa;gna
Kaapor Sign Language;uks
Kaba;ksp
Kabalai;kvf
Kabixí;xbx
Kabola;klz
Kaburi;uka
Kabutra;kbu
Kabwari;kcw
Kachama-Ganjule;kcx
Kachari;xac
Kachi Koli;gjk
Kacipo-Balesi;koe
Kaco';xkk
Kadar;kej
Kado;kdv
Kaduo;ktp
Kafoa;kpu
Kagan Kalagan;kll
Kagoma;kdm
Kagoro;xkg
Kaian;kct
Kaibobo;kzb
Kaikadi;kep
Kaike;kzq
Kaimbé;xai
Kairui-Midiki;krd
Kaivi;kce
Kaiy;tcq
Kakanda;kka
Kakauhua;kbf
Kako;kkj
Kakwa;keo
Kalaamaya;lkm
Kalabari;ijn
Kalam;kmh
Kalamsé;knz
Kalanadi;wkl
Kalao;kly
Kalapuya;kyl
Kalumpang;kli
Kam;kdx
Kamantan;kci
Kamar;keq
Kamara;jmr
Kamaru;kgx
Kamasa;klp
Kamayo;kyk
Kambaira;kyy
Kamberau;irx
Kambiwá;xbw
Kamo;kcq
Kamoro;kgq
Kamu;xmu
Kamula;xla
Kamwe;hig
Kamviri;xvi
Kanamarí;knm
Kanashi;xns
Kanasi;soq
Kanauji;bjj
Kanembu;kbl
Kang;kyp
Kaningdon-Nindem;kdp
Kaningi;kzo
Kaningra;knr
Kanite;kmu
Kannada Kurumba;kfi
Kanoé;kxo
Kanowit-Tanjong Melanau;kxn
Kantosi;xkt
Kanu;khx
Kanyok;kny
Kao;kax
Kapauri;khp
Kapinawá;xpn
Kapya;klo
Kara (Papua New Guinea);leu
Kara (Tanzania);reg
Karaga Mandaya;mry
Karahawyana;xkh
Karami;xar
Karanga;kth
Karankawa;zkk
Karas;kgv
Karawa;xrw
Karenggapa;eaa
Karey;kyd
Karipúna;kgm
Karirí-Xocó;kzw
Kariya;kil
Karko;kko
Karo;kxh
Karolanos;kyn
Karon Dori;kgw
Karon;krx
Karore;xkx
Karuwali;rxw
Kasiguranin;ksn
Kaskean;zsk
Kasseng;kgc
Kasua;khs
Kataang;kgd
Katabaga;ktq
Katawixi;xat
Kathoriya Tharu;tkt
Kathu;ykt
Kati;bsh
Katkari;kfu
Katla;kcr
Katso;kaf
Katua;kta
Katukína;kav
Kaulong;pss
Kaur;vkk
Kauwera;xau
Kawacha;kcb
Kawe;kgb
Kaxuiâna;kbb
Kaya;zra
Kayagar;kyt
Kayan Mahakam;xay
Kayan River Kayan;xkn
Kayong;kxy
Kayupulau;kzu
Kazukuru;kzk
Keak;keh
Keder;kdy
Kehu;khh
Kei;kei
Kélé;keb
Keliko;kbo
Kelo;xel
Kelon;kyo
Kembayan;xem
Kembra;xkw
Kemiehua;kfj
Kemtuik;kmt
Kenaboi;xbn
Kendeje;klf
Kenga;kyq
Kensiu;kns
Kenuzi-Dongola;kzh
Kenyan Sign Language;xki
Kenyi;lke
Ke'o;xxk
Keoru-Ahia;xeu
Kepo';kuk
Kerak;hhr
Kerewe;ked
Kerewo;kxz
Ketangalan;kae
Kete;kcv
Ketengban;xte
Ketum;ktt
Keyagana;kyg
Khalaj;kjf
Kham;kjl
Khamba;kbg
Khams Tibetan;khg
Khamyang;ksu
Khandesi;khn
Kháng;kjm
Khanty;kca
Khao;xao
Kharam Naga;kfw
Kharia Thar;ksy
Kharia;khr
Khayo;lko
Khe;kqg
Khehek;tlx
Khezha Naga;nkh
Khirwar;kwx
Khisa;kqm
Khlor;llo
Khlula;ykl
Khoibu Naga;nkb
Kho'ini;xkc
Kholok;ktc
Khorezmian;zkh
Khua;xhv
Khuen;khf
Khumi Awa Chin;cka
Khunsari;kfm
Kibet;kie
Kibiri;prm
Kikumu;kmw
Kilmeri;kih
Kim;kia
Kimaama;kig
Kimbu;kiv
Kimki;sbt
Kimré;kqp
Kinalakna;kco
Kintaq;knq
Kinuku;kkd
Kinyabemba;bmy
Kioko;ues
Kiorr;xko
Kipsigis;sgc
Kirike;okr
Kirikiri;kiy
Kisankasa;kqh
Kisi;kiz
Kita Maninkakan;mwk
Kiunum;wei
Klao;klu
Klias River Kadazan;kqt
Koalib;kib
Koba;kpd
Kobiana;kcj
Kobol;kgu
Koch;kdq
Kochila Tharu;thq
Kodaku;ksz
Kodeoha;vko
Kodia;kwp
Koenoem;kcs
Kofa;kso
Kohin;kkx
Koi;kkt
Koireng;nkd
Koitabu;kqi
Koiwat;kxt
Kokata;ktd
Koke;kou
Kokoda;xod
Kol;biw
Kola;kvv
Kolbila;klc
Kom (India);kmm
Koma;kmy
Komba;kpf
Kombai;tyn
Kompane;kvp
Kon Keu;kkn
Konai;kxw
Koneraw;kdw
Konni;kma
Kono;kno
Konyanka Maninka;mku
Konzo;koo
Koongo;kng
Kopar;xop
Korafe-Yegha;kpr
Korak;koz
Korandje;kcy
Korean Sign Language;kvk
Koromira;kqj
Koroni;xkq
Koropó;xxr
Korowai;khe
Korubo;xor
Korupun-Sela;kpq
Korwa;kfp
Kosadle;kiq
Kosarek Yale;kkl
Kota Bangun Kutai Malay;mqg
Kota Marudu Tinagas;ktr
Kotafon Gbe;kqk
Kouya;kyf
Kovai;kqb
Kowaki;xow
Koy Sanjaq Surat;kqd
Koyaga;kga
Koyra Chiini Songhay;khq
Koyraboro Senni Songhai;ses
Kpagua;kuw
Kpatili;kym
Kpeego;cpo
Kpessi;kef
Kplang;kph
Krache;kye
Krahô;xra
Krenak;kqq
Kresh;krs
Kreye;xre
Krikati-Timbira;xri
Krim;krm
Kriol;rop
Kristang;cpp
Kru'ng;krr
Kua;tyu
Kuan;uan
Kuanhua;xnh
Kube;kgf
Kubo;jko
Kubu;kvb
Kucong;lkc
Kudiya;kfg
Kudu-Camo;kov
Kugama;kow
Kui;kxu
Kuijau;dkr
Kuikúro-Kalapálo;kui
Kujarge;vkj
Kukatja;kux
Kuku-Mu'inh;xmp
Kuku-Muminh;xmh
Kuku-Ugbanh;ugb
Kuku-Uwanh;uwa
Kula;tpg
Kulaal;glj
Kulere;kul
Kulfa;kxj
Kulina;xpk
Kulung;kle
Kumam;kdi
Kumba;ksm
Kumbainggar;kgs
Kumbaran;wkb
Kumbewaha;xks
Kumiai;dih
Kumukio;kuo
Kunama;kun
Kunduvadi;wku
Kunggara;kvs
Kunggari;kgl
Kungkari;lku
Kuni-Boazi;kvg
Kunimaipa;kup
Kunja;pep
Kunza;kuz
Kuo;xuo
Kuot;kto
Kupa;kug
Kupia;key
Kupsabiny;kpz
Kura Ede Nago;nqk
Kurama;krh
Kurmukar;kfv
Kurtokha;xkz
Kushi;kuh
Kusu;ksv
Kutep;kub
Kuthant;xut
Kutto;kpa
Kutu;kdc
Kuuku-Ya'u;kuy
Kwaami;ksq
Kw'adza;wka
Kwakum;kwu
Kwama;kmq
Kwambi;kwm
Kwami;ktf
Kwanga;kwj
Kwaza;xwa
Kwegu;xwg
Kwer;kwr
Kwerba Mamberamo;xwr
Kwerba;kwe
Kwerisa;kkb
Kwese;kws
Kwesten;kwt
Kwinsu;kuc
Kwoma;kmo
Kwomtari;kwo
Kxoe;xuu
Kyaka;kyc
Kyan-Karyaw Naga;nqq
Kyenele;kql
Kyerung;kgy
Kölsch;ksh
Laari;ldi
Laba;lau
La'bi;lbi
Labir;jku
Labo Phowa;ypb
Lachi;lbt
Laeko-Libuat;lkl
Lafofa;laf
Laghuu;lgh
Lahta Karen;kvt
Lahu Shi;lhi
Lahul Lohar;lhl
Laimbue;lmx
Laiyolo;lji
Lakha;lkh
Lakkia;lbc
Lala;nrz
Lala-Bisa;leb
Lala-Roba;lla
Lalia;lal
Lamalera;lmr
Lamam;lmm
Lamatuka;lmq
Lamboya;lmy
Lambya;lai
Lamet;lbn
Lamja-Dengsa-Tola;ldh
Lamkang;lmk
Lamma;lev
Lamnso';lns
Lamu;llh
Lamu-Lamu;lby
Lanas Lobu;ruu
Landoma;ldm
Langbashe;lna
Lang'e;yne
Langi;lag
Langnian Buyang;yln
Lango;laj
Lanoh;lnh
Lao Naga;nlq
Laomian;lwm
Laopang;lbg
Laos Sign Language;lso
Lapine;art-lap
Lapuyan Subanun;laa
Laragia;lrg
Larevat;lrv
Lari;lrl
Laro;lro
Lasalimu;llm
Lasgerdi;lsa
Latu;ltu
Latvian Sign Language;lsl
Laua;luf
Laura;lur
Lave;brb
Lawu;lwu
Lawunuia;tgi
Leco;lec
Leelau;ldk
Lefa;lfa
Lega-Mwenga;lgm
Lega-Shabunda;lea
Lehalurup;urr
Leinong Naga;lzn
Lele;llc
Lelemi;lef
Lembena;leq
Lemio;lei
Lemolang;ley
Lemoro;ldj
Lenca;len
Lengola;lej
Lengua;leg
Leningitij;lnj
Lenje;leh
Leonese;roa-leo
Lepki;lpe
Lere;gnh
Lese;les
Lewo Eleng;lwe
Lewotobi;lwt
Levuka;lvu
Lhaovo;mhx
Lhokpu;lhp
Lhomi;lhm
Liabuku;lix
Liana-Seti;ste
Liangmai Naga;njn
Lianshan Zhuang;zln
Liberian English;lir
Libido;liq
Libinza;liz
Liburnian;xli
Libyan Sign Language;lbs
Ligbi;lig
Ligenza;lgz
Lijili;mgi
Lika;lik
Likila;lie
Likuba;kxx
Likwala;kwc
Lilau;lll
Limi;ylm
Limilngan;lmc
Linear A;lab
Lingarak;lgk
Lingkhim;lii
Lisabata-Nuniali;lcs
Lish;lsh
Lishán Didán;trg
Lithuanian Sign Language;lls
Liujiang Zhuang;zlj
Liuqian Zhuang;zlq
Loarki;lrk
Lobala;loq
Lobi;lob
Lodhi;lbm
Logo;log
Logol;lof
Logorik;liu
Logudorese Sardinian;src
Lokoya;lky
Lolak;llq
Lole;llg
Lombardic;lng
Lombi;lmi
Lombo;loo
Loncong;lce
Long Phuri Naga;lpn
Long Wat;ttw
Longgu;lgu
Lonzo;lnz
Loo;ldo
Lopa;lop
Lopi;lov
Lopit;lpx
Lorang;lrn
Loreto-Ucayali Spanish;spq
Lotha Naga;njh
Lotuko;lot
Louisiana Creole French;lou
Lowa;loy
Lower Burdekin;xbb
Lower Tanudan Kalinga;kml
Lower Ta'oih;tto
Lua';prb
Lubu;lcf
Luchazi;lch
Lucumi;luq
Lugbara;lgg
Lui;lba
Luimbi;lum
Luiseno;lui
Lule;ule
Lumbee;lmz
Lumbu;lup
Lumun;lmd
Luna;luj
Luopohe Hmong;hml
Luri;ldd
Lusengo;lse
Lutachoni;lts
Luyana;lyn
Lwalu;lwa
Lyélé;lee
Lyngngam;lyg
Lyons Sign Language;lsg
Maa;cma
Maale;mdy
Maasina Fulfulde;ffm
Maba;mqa
Mabaale;mmz
Mabaan;mfz
Mabaka Valley Kalinga;kkg
Mabire;muj
Machinga;mvw
Maco;wpc
Mada;mda
Madagascar Sign Language;mzc
Maden;xmx
Ma'di;mhi
Madukayang Kalinga;kmd
Mae;mme
Maek;hmk
Maeng Itneg;itt
Mafea;mkv
Magahat;mtw
Mághdì;gmd
Magoma;gmx
Mahali;mjx
Maharastri Prakrit;pmh
Mahongwe;mhb
Mahou;mxx
Mailu;mgu
Maisin;mbq
Majang;mpe
Majhi;mjz
Majhwar;mmj
Makaa;mcp
Makhuwa-Moniga;mhm
Maklew;mgf
Maku'a;lva
Makuri Naga;jmn
Makwe;ymk
Makyan Naga;umn
Mal;mlf
Mala Malasar;ima
Malaccan Creole Portuguese;mcm
Malankuravan;mjo
Malapandaram;mjp
Malaryan;mjq
Malas;mkr
Malasar;ymr
Malawi Sena;swk
Malayic Dayak;xdy
Malaynon;mlz
Malayo;mbp
Malaysian Sign Language;xml
Male;mdc
Maleng;pkt
Maleu-Kilenge;mgl
Malgbe;mxf
Malimba;mzd
Malimpung;mli
Malo;mla
Maltese Sign Language;mdl
Malto;mjt
Malyangapa;yga
Mama;mma
Mambai;mcs
Mamboru;mvd
Mamvu;mdi
Man Cao Lan;mlc
Man Met;mml
Manda;mha
Mandahuaca;mht
Mandalorian;art-man
Mandari;mqu
Mander;mqr
Mandjak;mfv
Manem;jet
Mang;zng
Manga Kanuri;kby
Mangala;mem
Mangarayi;mpc
Mangayat;myj
Mangbetu;mdj
Mangbutu;mdk
Mangerr;zme
Manichaean Middle Persian;xmn
Manikion;mnx
Mankanya;knf
Manna-Dora;mju
Mansi;mns
Mansoanka;msw
Mantsi;nty
Manusela;wha
Manya;mzj
Manyika;mxc
Manza;mzv
Mape;mlh
Mapena;mnm
Maquiritari;mch
Mara;mec
Marachi;lri
Maram Naga;nma
Maramba;myd
Maranunggu;zmr
Mararit;mgb
Marba;mpg
Marfa;mvu
Marghi Central;mrt
Marghi South;mfm
Margu;mhg
Mari;\N
Marind;mrz
Maring Naga;nng
Maring;mbw
Marino;mrb
Mariri;mqi
Maritime Sign Language;nsr
Maroon Spirit Language;cpe-mar
Marriammu;xru
Masaaba;myx
Masadiit Itneg;tis
Masalit;mls
Masana;mcn
Mashi;jms
Maskoy Pidgin;mhh
Maslam;msv
Masmaje;mes
Massalat;mdg
Massep;mvs
Matagalpa;mtn
Matbat;xmt
Matepi;mqe
Mato Grosso Arára;axg
Mator-Taygi-Karagas;ymt
Mauritian Sign Language;lsy
Mauwake;mhl
Mawak;mjj
Mawan;mcz
Mawayana;mzx
Mawchi;mke
Mawes;mgk
Maxi Gbe;mxl
Ma'ya;slz
Mayaguduna;xmy
Mayeka;myc
Mazatlán Mixe;mzl
Mbala;mdp
Mbalanhu;lnb
Mbangala;mxg
Mbati;mdn
Mbelime;mql
Mbere;mdt
Mbo (Democratic Republic of the Congo);zmw
Mboi;moi
Mboko;mdu
Mbole;mdq
Mbosi;mdw
Mbowe;mxo
Mbre;mka
Mbugwe;mgz
Mbukushu;mhw
Mbum;mdd
Mbunga;mgy
Mea;meg
Mebu;mjn
Mediak;mwx
Median;xme
Me'en;mym
Mefele;mfj
Megam;mef
Mekeo;mek
Mekmek;mvk
Melo;mfx
Melpa;med
Mendalam Kayan;xkd
Mengen;mee
Mengisa;mct
Menya;mcr
Mer;mnu
Merlav;mrm
Mese;mci
Mesmes;mys
Mesqan;mvz
Meyah;mej
Miani;pla
Middle Chinese;zhx-mid
Middle Hittite;htx
Middle Mongolian;xng
Middle Norwegian;gmq-mno
Migabac;mpp
Miji;sjl
Miju-Mishmi;mxj
Mili;ymh
Miltu;mlj
Min Bei;mnp
Min Dong;cdo
Min Zhong;czo
Minang;xrg
Minanibai;mcv
Mingang Doso;mko
Mingo;iro-min
Minkin;xxm
Minoan;omn
Minokok;mqq
Minriq;mnq
Mintil;mzt
Minz Zhuang;zgm
Miqie;yiq
Mire;mvh
Mirgan;zrg
Mirpur Panjabi;pmu
Miwa;vmi
Mixifore;mfg
Mlabri;mra
Mlap;kja
Mlomp;mlo
Mocho;mhc
Modole;mqo
Moere;mvq
Moikodi;mkp
Moingi;mwz
Moji;ymi
Mok;mqt
Moken;mwt
Moklen;mkm
Moksela;vms
Moldova Sign Language;vsi
Molise Croatian;svm
Molof;msl
Mom Jango;ver
Moma;myl
Momare;msz
Mombum;mso
Momina;mmb
Momuna;mqf
Monastic Sign Language;mzg
Mondropolon;npn
Mongolian Sign Language;msr
Monguor;mjg
Moni;mnz
Monimbo;mom
Mono (Democratic Republic of the Congo);mnh
Mono (United States of America);mnr
Monom;moo
Monsang Naga;nmh
Monumbo;mxk
Moraid;msg
Morawa;mze
More;mos
Moresada;msx
Mori Atas;mzq
Morigi;mdb
Moroccan Sign Language;xms
Morori;mok
Moru;mgd
Mosiro;mwy
Moskona;mtj
Motlav;mlv
Mountain Koiali;kpx
Movima;mzp
Moyadan Itneg;ity
Moyon Naga;nmo
Mozambican Sign Language;mzy
Mpalitjanh;xpj
Mpi;mpz
Mpiemo;mcx
Mpongmpong;mgg
Mpuono;zmp
Mro Chin;cmr
Mser;kqx
Mt. Iraya Agta;atl
Mt. Iriga Agta;agz
Mubami;tsx
Muda;ymd
Mudbura;mwd
Mudhili Gadaba;gau
Mugom;muk
Mukha-Dora;mmk
Mukulu;moz
Mulaha;mfw
Mullu Kurumba;kpb
Mullukmulluk;mpb
Muluridyi;vmu
Mum;kqa
Mundang;mua
Mundolinco;art-mun
Muniche;myr
Munit;mtc
Murkim;rmh
Murle;mur
Mursi;muz
Musak;mmq
Musan;mmp
Musar;mmi
Musey;mse
Mushungulu;xma
Muskum;mje
Muthuvan;muv
Muya;mvm
Muzi;ymz
Mün Chin;mwq
Mysian;yms
Mzieme Naga;nme
Naasioi;nas
Naba;mne
Nadruvian;ndf
Nafi;srf
Nagarchal;nbg
Nage;nxe
Nagumi;ngv
Nahali;nlx
Nahari;nhh
Nali;nss
Naluo Yi;ylo
Nama;naq
Namat;nkm
Nambo;ncm
Ná-Meo;neo
Namiae;nvm
Namo;mxw
Namonuito;nmt
Nanerigé Sénoufo;sen
Nangikurrunggurr;nam
Napu;npy
Nar Phu;npa
Nara;nrb
Narim;loh
Nasal;nsy
Natagaimas;nts
Natanzi;ntz
Nataoran Amis;ais
Natchez;ncz
Nathembo;nte
Natioro;nti
Nauete;nxa
Nawaru;nwr
Na'vi;art-nav
Nayi;noz
Nayini;nyq
Ndai;gke
Ndaktup;ncp
Nde-Gbite;ned
Ndonde Hamba;njd
Nduga;ndx
Nedebang;nec
Nefamese;nef
Nefusa;jbn
Neku;nek
Neme;nex
Nen;nqn
Nenets;yrk
Neo-Hittite;nei
Nepalese Sign Language;nsp
Nete;net
New Zealand Sign Language;nzs
Newari;new
Neyo;ney
Nga La;hlt
Ngad'a;nxg
Ngadjunmaya;nju
Nganakarti;xnk
Ngangam;gng
Ngantangarra;ntg
Ngardi;rxd
Ngarigu;xni
Ngarinman;nbj
Ngarla;nlr
Ngasa;nsg
Ngawn Chin;cnw
Ngbee;jgb
Ngeq;ngt
Ngile;jle
Ngiti;niy
Ngkâlmpw Kanum;kcd
Ngombe (Central African Republic);nmj
Ngombe (Democratic Republic of the Congo);ngc
Ngong;nnx
Nguluwan;nuw
Ngumbi;nui
Ngura;nbx
Ngurmbur;nrx
Nhengatu;yrl
Nhirrpi;hrp
Nicaragua Creole English;bzk
Niellim;nie
Nigerian Fulfulde;fuv
Nigerian Sign Language;nsi
Nijadali;nad
Nila;nil
Nimanbur;nmp
Nimbari;nmr
Nimboran;nir
Nimo;niw
Nimoa;nmw
Ningil;niz
Ningye;nns
Ninia Yali;nlk
Ninzo;nin
Nipsan;nps
Nisa;njs
Nisi;yso
Niuatoputapu;nkp
Njalgulgule;njl
Nkhumbi;khu
Nkoroo;nkx
Nocte Naga;njb
Noiri;noi
Nomane;nof
Nomu;noh
Nooksack;nok
Nootka;noo
Norman;roa-nor
Norra;nrr
North Alaskan Inupiatun;esi
North Asmat;nks
North Awyu;yir
North Azerbaijani;azj
North Central Mixe;neq
North Giziga;gis
North Nuaulu;nni
North Picene;nrp
North Tairora;tbg
North Wahgi;whg
North Wemale;weo
Northeast Kiwai;kiw
Northern Amami-Oshima;ryn
Northern Bai;bfc
Northern Bontok;rbk
Northern Gondi;gno
Northern Guiyang Hmong;huj
Northern Huishui Hmong;hmi
Northern Kalapuya;nrt
Northern Kissi;kqs
Northern Lorung;lbr
Northern Mashan Hmong;hmp
Northern Muji;ymx
Northern Nisu;yiv
Northern Pumi;pmi
Northern Rengma Naga;nnl
Northern Toussian;tsp
Northern Tujia;tji
Northern Uzbek;uzn
Northwest Alaska Inupiatun;esk
Northwestern Fars;faz
Northwestern Kolami;kfb
Norwegian Sign Language;nsl
Noxilo;art-nox
Noy;noy
Nubri;kte
Nukuini;nuc
Nukumanu;nuq
Nukunu;nnv
Nukunul;xnu
Nukuria;nur
Numana-Nunku-Gbantu-Numbu;nbr
Numbami;sij
Numee;kdk
Nungali;nug
Nunggubuyu;nuy
Nupbikha;npb
Nupe-Nupe-Tako;nup
Nusa Laut;nul
Nusu;nuf
Nuu-chah-nulth;nuk
Nyabwa;nwb
Nyaheun;nev
Nyahkur;cbn
Nyâlayu;yly
Nyamusa-Molo;nwm
Nyamwanga;mwn
Nyanga;nyj
Nyangatom;nnj
Nyang'i;nyp
Nyangumarta;nna
Nyanza;mjh
Nyarafolo Senoufo;sev
Nyasa;mgs
Nyawaygi;nyt
Nyeu;nyl
Nyole;nuj
Nyong;muo
Nyore;nyd
Nzima;nzi
Oblo;obl
Odoodee;kkc
O'du;tyh
Ofo;ofo
Oki-No-Erabu;okn
Okodia;okd
Oko-Juwoi;okj
Okolod;kqv
Old Danish;gmq-oda
Old Hittite;oht
Old Italian;roa-oit
Old Kentish Sign Language;okl
Old Lithuanian;bat-olt
Old Ossetic;oos
Old Polish;zlw-opl
Old Portuguese;roa-ptg
Old Provençal;pro
Old South Arabian;sem-srb
Old Swedish;gmq-osw
Old Uighur;oui
Olkol;olk
Olu'bo;lul
Oluwanga;lwg
Omati;mgx
Omejes;ome
Omi;omi
Omotik;omt
Omurano;omu
Ong;oog
Ongota;bxe
Onin Based Pidgin;onx
Ontenu;ont
Oorlams;oor
Opuuo;lgn
Orang Kanaq;orn
Orang Seletar;ors
Oraon Sadri;sdr
Orma;orc
Oroha;ora
Oti;oti
Otoro;otr
Oune;oue
Owenia;wsr
Oy;oyb
Oyda;oyd
Pa Di;pdi
Pa'a;pqa
Paama;pma
Páez;pbb
Pahlavani;phv
Pa-Hng;pha
Pahouin;fan
Paite Chin;pck
Pakanha;pkn
Pakistan Sign Language;pks
Pak-Tong;pkg
Paku Karen;kpp
Paku;pku
Palatinate German;pfl
Palikúr;plu
Paliyan;pcf
Palpa;plp
Paluan;plz
Palumata;pmc
Pam;pmn
Pamosu;hih
Panamanian Sign Language;lsp
Panang;pcr
Panará;kre
Panasuan;psn
Pancana;pnp
Panim;pnr
Paniya;pcg
Pankararé;pax
Pankararú;paz
Pankhu;pkh
Pannei;pnc
Panoan Katukína;knt
Pao;ppa
Papi;ppe
Papitalai;pat
Papuan Mor;moq
Paraguayan Sign Language;pys
Paranan;prf
Parawen;prw
Pardhan;pch
Pardhi;pcl
Pare;ppt
Parecís;pab
Parenga;pcj
Parkari Koli;kvx
Parsi;prp
Parsi-Dari;prd
Parya;paq
Pasi;psq
Pataxó Hã-Ha-Hãe;pth
Pathiya;pty
Pattani;lae
Paulohi;plh
Paunaca;pnk
Paynamar;pmr
Pecheneg;xpc
Pei;ppq
Pekal;pel
Pela;bxd
Pelende;ppp
Penang Sign Language;psg
Pendau;ums
Perai;wet
Pero;pip
Persian Sign Language;psc
Peruvian Sign Language;prl
Petjo;pey
Pévé;lme
Phai;prt
Phala;ypa
Phana';phq
Philippine Sign Language;psp
Phola;ypg
Pholo;yip
Phom;nph
Phong-Kniang;pnx
Phrae Pwo Karen;kjt
Phuan;phu
Phudagi;phd
Phuie;pug
Phukha;phh
Phuma;ypm
Phunoi;pho
Phuong;phg
Phupa;ypp
Phupha;yph
Phuthi;bnt-phu
Phuza;ypz
Piame;pin
Piaroa;pid
Picuris;nai-pic
Pijao;pij
Pimbwe;piw
Pinai-Hagahai;pnn
Pini;pii
Pinjarup;pnj
Pintiini;pti
Pirriya;xpa
Piru;ppr
Pisaflores Tepehua;tpp
Piscataway;psy
Pisidian;xps
Piu;pix
Piya-Kwonci;piy
Plains Indian Sign Language;psd
Plapo Krumen;ktj
Playero;gob
Pochuri Naga;npo
Pogolo;poy
Poke;pof
Polci;plj
Polish Sign Language;pso
Pomeranian;zlw-pom
Pomo;pmm
Ponares;pod
Pongu;png
Porohanon;prh
Portuguese Sign Language;psr
Pottangi Ollar Gadaba;gdb
Poumei Naga;pmx
Poyanáwa;pyn
Prasuni;prn
Pray;pry
pre-Roman (Balkans);und-bal
pre-Roman (Iberia);und-ibe
Proto-Afro-Asiatic;afa-pro
Proto-Albanian;sqj-pro
Proto-Algic;aql-pro
Proto-Algonquian;alg-pro
Proto-Altaic;tut-pro
Proto-Anatolian;ine-ana-pro
Proto-Armenian;hyx-pro
Proto-Atayalic;map-ata-pro
Proto-Athabaskan;ath-pro
Proto-Austro-Asiatic;aav-pro
Proto-Austronesian;map-pro
Proto-Baltic;bat-pro
Proto-Balto-Slavic;ine-bsl-pro
Proto-Bantu;bnt-pro
Proto-Basque;euq-pro
Proto-Berber;ber-pro
Proto-Brythonic;cel-bry-pro
Proto-Bungku-Tolaki;poz-btk-pro
Proto-Celtic;cel-pro
Proto-Central Malayo-Polynesian;plf-pro
Proto-Central New South Wales;aus-cww-pro
Proto-Central-Eastern Malayo-Polynesian;poz-cet-pro
Proto-Chamic;cmc-pro
Proto-Chukotko-Kamchatkan;qfa-cka-pro
Proto-Dravidian;dra-pro
Proto-Eastern Malayo-Polynesian;pqe-pro
Proto-Eastern Polynesian;poz-pep-pro
Proto-East-Polynesian;pqe-pol-pro
Proto-Eskimo;esx-esk-pro
Proto-Eskimo-Aleut;esx-pro
Proto-Finnic;fiu-fin-pro
Proto-Finno-Permic;fiu-fpr-pro
Proto-Finno-Ugric;fiu-pro
Proto-Germanic;gem-pro
Proto-Halmahera-Cenderawasih;poz-hce-pro
Proto-Hellenic;grk-pro
Proto-Hmong;hmn-pro
Proto-Hmong-Mien;hmx-pro
Proto-Indo-Aryan;inc-pro
Proto-Indo-European;ine-pro
Proto-Indo-Iranian;iir-pro
Proto-Inupik;esx-inu-pro
Proto-Iranian;ira-pro
Proto-Italic;itc-pro
Proto-Japonic;jpx-pro
Proto-Kartvelian;ccs-pro
Proto-Korean;qfa-kor-pro
Proto-Lampungic;poz-lgx-pro
Proto-Malayic;poz-mly-pro
Proto-Malayo-Chamic;poz-mcm-pro
Proto-Malayo-Polynesian;poz-pro
Proto-Malayo-Sumbawan;poz-msa-pro
Proto-Mien;hmx-mie-pro
Proto-Mongolic;xgn-pro
Proto-Mon-Khmer;mkh-pro
Proto-Nahuan;azc-nah-pro
Proto-Norse;gmq-pro
Proto-North Caucasian;ccn-pro
Proto-North Sarawak;poz-swa-pro
Proto-Northeast Caucasian;cau-nec-pro
Proto-Nuclear Polynesian;poz-pnp-pro
Proto-Oceanic;poz-oce-pro
Proto-Pama-Nyungan;aus-pam-pro
Proto-Philippine;phi-pro
Proto-Polynesian;poz-pol-pro
Proto-Rukai;dru-pro
Proto-Samic;smi-pro
Proto-Samoyedic;syd-pro
Proto-Semitic;sem-pro
Proto-Sino-Tibetan;sit-pro
Proto-Siouan;sio-pro
Proto-Siouan-Catawban;sca-pro
Proto-Slavic;sla-pro
Proto-South Sulawesi;poz-ssw-pro
Proto-Southwestern Tai;tai-swe-pro
Proto-Sunda-Sulawesi;poz-sus-pro
Proto-Tai;tai-pro
Proto-Tocharian;ine-toc-pro
Proto-Turkic;trk-pro
Proto-Ugric;fiu-ugr-pro
Proto-Uralic;urj-pro
Proto-Uto-Aztecan;azc-pro
Proto-Western Malayo-Polynesian;pqw-pro
Proto-Vietic;mkh-vie-pro
Proto-Yeniseian;qfa-yen-pro
Providencia Sign Language;prz
Psikye;kvj
Pu Ko;puk
Pu Xian;cpx
Puare;pux
Puelche;pue
Puerto Rican Sign Language;psl
Puimei Naga;npu
Puinave;pui
Pukapuka;pkp
Pulaar;fuc
Pulabu;pup
Pular;fuf
Puluwatese;puw
Puma;pum
Pumé;yae
Punan Aput;pud
Punan Batu;pnm
Punan Merah;puf
Punan Merap;puc
Punan Tubu;puj
Puquina;puq
Puragi;pru
Purari;iar
Puri;prr
Purik;prx
Puruborá;pur
Purum Naga;puz
Putai;mfl
Puyo-Paekche;xpp
Pwaamei;pme
Pwapwa;pop
Pwo Eastern Karen;kjp
Pyapun;pcw
Pye Krumen;pye
Pyen;pyy
Pyu;pby
Päri;lkr
Qabiao;laq
Qashqa'i;qxq
Qila Muji;ymq
Qiubei Zhuang;zqe
Quechan;yum
Queyu;qvy
Quinqui;quq
Rahambuu;raz
Rajah Kabunsuwan Manobo;mqk
Rajasthani;raj
Raji;rji
Rama;rma
Ramopa;kjx
Rampi;lje
Rang;rax
Rangkas;rgk
Ranglong;rnl
Rapa;ray
Rapoisi;kyx
Rapting;rpt
Rara Bakati';lra
Rathawi;rtw
Rawat;jnl
Rawo;rwa
Reang;ria
Red Gelao;gir
Reli;rei
Rempi;rmp
Rengao;ren
Rennellese Sign Language;rsi
Rer Bare;rer
Rerau;rea
Reshe;res
Retta;ret
Riang;ril
Rien;rie
Ringgou;rgu
Ririo;rri
Rogo;rod
Roma;rmm
Romam;rmx
Romani Greek;rge
Romanian Sign Language;rms
Rongga;ror
Rongpo;rnp
Ronji;roe
Rufiji;rui
Ruga;ruh
Ruma;ruz
Rumu;klq
Runa;rna
Runga;rou
Russenorsk;crp-rsn
Russian Sign Language;rsl
Rusyn;rue
Ruuli;ruc
Ruund;rnd
Rwa;rwk
Saam;raq
Saamia;lsm
Sabah Malay;msi
Sabaot;spy
Sabüm;sbo
Saep;spd
Sagalla;tga
Sahaptin;qot
Saidi Arabic;aec
Sajau Basap;sjb
Sakachep;sch
Sakam;skm
Sakirabiá;skf
Salas;sgu
Salchuq;slq
Saleman;sau
Saliba;sbe
Sáliba;slc
Salt-Yui;sll
Saluan;loe
Sam;snx
Samaritan;smp
Samarokena;tmj
Samatao;ysd
Samba Daka;ccg
Samba Leko;ndi
Samburu;saq
Samei;smh
Samo;smq
Samoan Plantation Pidgin;cpe-spp
Sampang;rav
Samre;sxm
Samtao;stu
Samvedi;smv
San Dionisio Del Mar Huave;hve
San Francisco Del Mar Huave;hue
San Francisco Matlatzinca;mat
San Miguel El Grande Mixtec;mig
San Salvador Kongo;kwy
Sanaani Arabic;ayn
Sanapaná;sap
Sanggau;scg
Sangkong;sgk
Sanglechi;sgy
Sangtam Naga;nsa
Sangu;sbp
Sanie;ysy
Sankaran Maninka;msc
Sansi;ssi
Sansu;sca
Santa María Del Mar Huave;hvv
Sanumá;xsu
Sa'och;scq
Saparua;spr
Sapé;spc
Sapo;krn
Saponi;spi
Saposa;sps
Sapuan;spu
Sara Dunjo;koj
Sara Kaba Deme;kwg
Sara;sre
Sarasira;zsa
Saraveca;sar
Sarcee;srs
Sarudu;sdu
Sassarese Sardinian;sdc
Saudi Arabian Sign Language;sdl
Sauk;skc
Sauraseni Prakrit;psu
Sauri;srt
Savara;svr
Saweru;swr
Savi;sdg
Sawila;swt
Scythian;xsc
Seberuang;sbx
Sebuyau;snb
Sedoa;tvw
Seeku;sos
Segai;sge
Seget;sbg
Seit-Kaitetu;hik
Sekapan;skp
Sekar;skz
Seke;skj
Seko Padang;skx
Seko Tengah;sko
Sekpele;lip
Selangor Sign Language;kgi
Selayar;sly
Selepet;spl
Selian;sxl
Selknam;ona
Selkup;sel
Selungai Murut;slg
Seluwasan;sws
Sema;nsm
Semandang;sdm
Semaq Beri;szc
Sembakung Murut;sbr
Semnam;ssm
Sempan;xse
Senara Sénoufo;seq
Senaya;syn
Sene;sej
Sened;sds
Senggi;snu
Senhaja De Srair;sjs
Senthang Chin;sez
Sentinelese;std
Sepa;spe
Sepik Iwam;iws
Seraiki;skr
Serili;sve
Seroa;kqu
Serua;srw
Serudung Murut;srk
Settla;sta
Sewa Bay;sew
Shall-Zwall;sha
Shamang;xsh
Shangzhai;jih
Shatt;shj
She;shx
Shekkacho;moy
Sheko;she
Shempire Senoufo;seb
Shendu;shl
Sherdukpen;sdp
Shinabo;snh
Shinyiha;nyr
Shom Peng;sii
Shqip;shq
Shuadit;sdt
Shubi;suj
Shumcho;scu
Shuwa-Zamani;ksa
Shwai;shw
Sialum;slw
Siamou;sif
Sian;spg
Siang;sya
Siar-Lak;sjr
Sibu Melanau;sdx
Sicanian;sxc
Sìcìté Sénoufo;sep
Sierra Leone Sign Language;sgx
Sihan;snr
Sikaritai;tty
Sikule;skh
Sila;slt
Sileibi;sbq
Silesian German;sli
Silimo;wul
Silopi;xsp
Simbari;smb
Simbo;sbb
Simeku;smz
Simte;smt
Singapore Sign Language;sls
Sinsauru;snz
Sio;xsi
Sipacapense;qum
Sirmauri;srx
Siuslaw;sis
Siwa;siz
Siwai;siw
Siyin Chin;csy
Slavey;den
Slovakian Sign Language;svk
Slovincian;zlw-slv
Small Flowery Miao;sfm
Smärky Kanum;kxq
Sô;sss
Sobei;sob
Soi;soj
Sok;skk
Sokna;swn
Solano;xso
Solos;sol
Somray;smu
Songa;sgo
Songlai Chin;csj
Songo;soo
Sonha;soi
Sonia;siq
Soo;teu
Sorkhei;sqo
Sorothaptic;sxo
Sota Kanum;krz
Sou;sqq
South African Sign Language;sfs
South Azerbaijani;azb
South Central Banda;lnl
South Giziga;giz
South Lembata;lmf
South Nuaulu;nxl
South Watut;mcy
South Wemale;tlw
Southeast Babar;vbb
Southern Amami-Oshima;ams
Southern Aymara;ayc
Southern Balochi;bcc
Southern Bobo Madaré;bwq
Southern Bontok;obk
Southern Gondi;ggo
Southern Guiyang Hmong;hmy
Southern Kalapuya;sxk
Southern Kalinga;ksc
Southern Kisi;kss
Southern Kiwai;kjd
Southern Lolopo;ysp
Southern Lorung;lrr
Southern Ma'di;snm
Southern Mnong;mnn
Southern Muji;ymc
Southern Nambikuára;nab
Southern Nicobarese;nik
Southern Nisu;nsd
Southern Pumi;pmj
Southern Qiandong Miao;hms
Southern Rengma Naga;nre
Southern Roglai;rgs
Southern Toussian;wib
Southern Uzbek;uzs
Southwestern Bontok;vbk
Southwestern Fars;fay
Southwestern Guiyang Hmong;hmg
Southwestern Huishui Hmong;hmh
Southwestern Nisu;nsv
Southwestern Tamang;tsf
Sowanda;sow
Soyaltepec Mazatec;vmp
Spanish Sign Language;ssp
Spiti Bhoti;spt
Spokane;spo
Sri Lankan Sign Language;sqs
Standard Moroccan Tamazight;zgh
Stod Bhoti;sbu
Suarmin;seo
Suau;swp
Subi;xsj
Sudest;tgo
Sukurum;zsu
Sulka;sua
Sulod;srg
Sulung;suv
Suma;sqm
Sunam;ssk
Suoy;syo
Sur;tdl
Surbakhal;sbj
Suri;suq
Suruahá;swx
Susquehannock;sqn
Suwawa;swu
Swati;\N
Swedish Sign Language;swl
Swiss-French Sign Language;ssr
Swiss-German Sign Language;sgg
Swiss-Italian Sign Language;slf
Syenara Senoufo;shz
Syriac;syr
Syrian Arabic;sem-syr
Tabassaran;tab
Tabla;tnm
Tabo;knv
Tachelhit;shi
Tafi;tcd
Tagargrent;oua
Tagbu;tbm
Tagdal;tda
Tagwana Senoufo;tgw
Tahaggart Tamahaq;thv
Tai Hang Tong;thc
Tai Hongjin;tiz
Tai Loi;tlq
Tai Long;thi
Tai Mène;tmp
Tai Pao;tpo
Tai Thanh;tmm
Taiap;gpn
Taimyr Pidgin Russian;crp-tpr
Taino;tnq
Tairuma;uar
Taiwan Sign Language;tss
Ta'izzi-Adeni Arabic;acq
Taje;pee
Tajuasohn;tja
Takelma;tkm
Takestani;tks
Takua;tkz
Talaud;tld
Talieng;tdf
Talinga-Bwisi;tlj
Talise;tlr
Talodi;tlo
Taloki;tlk
Talondo';tln
Talu;yta
Talur;ilw
Tamagario;tcg
Tamashek;tmh
Tamasheq;taq
Tambas;tdk
Tami;tmy
Tamnim Citak;tml
Tampias Lobu;low
Tampulma;tpm
Tanahmerah;tcm
Tanapag;tpv
Tangchangya;tnv
Tangga;tgg
Tangko;tkx
Tanglang;ytl
Tanjijili;uji
Tanzanian Sign Language;tza
Tapeba;tbb
Tapieté;tpj
Tar Gula;kcm
Tarantino;roa-tar
Tarao Naga;tro
Tareng;tgr
Tartessian;txr
Tasawaq;twq
Tasmanian;xtz
Tatana;txx
Tauade;ttd
Taulil;tuh
Taupota;tpa
Taushiro;trr
Tawallammat Tamajaq;ttq
Tawara;twl
Tawoyan;twy
Tawr Chin;tcp
Tay Boi;tas
Tay Khang;tnu
Tày Sa Pa;tys
Tày Tac;tyt
Tayart Tamajeq;thz
Taznatit;grr
Tchitchege;tck
Tebul Sign Language;tsy
Tedaga;tuq
Téén;lor
Tehit;kps
Teke-Ebo;ebo
Teke-Fuumu;ifm
Teke-Kukuya;kkw
Teke-Laali;lli
Teke-Nzikou;nzu
Teke-Tege;teg
Teke-Tsaayi;tyi
Tektiteko;ttc
Tela-Masbuar;tvm
Telefol;tlf
Teluti;tlt
Temacine Tamazight;tjo
Teme;tdo
Temein;teq
Temoq;tmo
Tempasuk Dusun;tdu
Temuan;tmw
T'en;tct
Tenggarong Kutai Malay;vkt
Tennet;tex
Teor;tev
Tepo Krumen;ted
Tera;ttr
Terebu;trb
Teressa;tef
Tereweng;twg
Terik;tec
Ternateño;tmg
Tese;keg
Teshenawa;twc
Tetela;tll
Tewe;twx
Tha;thy
Thachanadan;thn
Thado Chin;tcz
Thakali;ths
Thangal Naga;nki
Thangmi;thf
Tharaka;thk
Thawa;xtv
Thayore;thd
Thaypan;typ
The;thx
Thopho;ytp
Thu Lao;tyl
Thudam;thw
Thulung;tdh
Thurawal;tbh
Thuri;thu
Tichurong;tcn
Tidikelt Tamazight;tia
Tidong;tid
Tiéfo;tiq
Tiene;tii
Tifal;tif
Tii;txq
Tilung;tij
Tima;tms
Timbe;tim
Timne;tem
Timucua;tjm
Tinà Sambal;xsb
Tinani;lbf
Tingal;tie
Tinigua;tit
Tinoc Kallahan;tne
Tinputz;tpz
Tippera;tpe
Tira;tic
Tirahi;tra
Tiranige Diga Dogon;tde
Tircul;pyx
Tiri;cir
Tita;tdq
Titan;ttv
Tivi;tiv
Tlachichilco Tepehua;tpt
Tlacoapa Me'phaa;tpl
Tlahuitoltepec Mixe;mxp
To;toz
Toaripi;tqo
Tobanga;tng
Tobian;tox
Tobo;tbv
Todrah;tdr
Tofanma;tlg
Tofin Gbe;tfi
Togbo-Vara Banda;tor
Togoyo;tgy
Toki Pona;art-top
Toku-No-Shima;tkn
Tombelala;ttp
Tomedes;toe
Tommo So Dogon;dto
Tomoip;tqp
Tonga;toi
Tongwe;tny
Tonjon;tjn
Topoiyo;toy
Toposa;toq
Torá;trz
Toram;trj
Torau;ttu
Toro;tdv
Torona;tqr
Touo;tqu
Towei;ttn
Tregami;trm
Tremembé;tme
Trieng;stg
Trimuris;tip
Tring;tgq
Tringgus-Sembaan Bidayuh;trx
Trinidad and Tobago Sign Language;lst
Trinitario;trn
Truká;tka
Trumai;tpy
Tsaangi;tsa
Tsakwambo;kvz
Tsamai;tsb
Tsat;huq
Tseku;tsk
Tshiluba;lua
Tsikimba;kdl
Tsishingini;tsw
Tso;ldp
Tsoa;hio
Tsogo;tsv
Tsum;ttz
Tsuvadi;tvd
Tsuvan;tsh
Tswa;tsc
Tswapong;two
Ts'ün-Lao;tsl
Tugen;tuy
Tugun;tzn
Tugutil;tuj
Tukang Besi North;khc
Tukpa;tpq
Tula;tul
Tulehu;tlu
Tumak;tmc
Tumari Kanuri;krt
Tumi;kku
Tumleo;tmq
Tumtum;tbr
Tumzabt;mzb
Tunen;baz
Tunen;tvu
Tunia;tug
Tunisian Sign Language;tse
Tunni;tqq
Tupinikin;tpk
Turaka;trh
Turi;trd
Turkic Khalaj;klj
Turkish Sign Language;tsm
Turks And Caicos Creole English;tch
Turumsa;tqm
Tutsa Naga;tvt
Tuwari;tww
Tuxá;tud
Twendi;twn
Tyaraity;woa
U;uuu
Uamué;uam
Uare;ksj
Ubi;ubi
Uda;uda
Uduk;udu
Ugandan Sign Language;ugn
Ughele;uge
Ugong;ugo
Uisai;uis
Ukaan;kcf
Ukhwejo;ukh
Ukit;umi
Ukrainian Sign Language;ukl
Ukuriguma;ukg
Ukwa;ukq
Ulithian;uli
Ullatan;ull
Ulukwumi;ulb
Ulumanda';ulm
Ulwa;ulw
Uma' Lasan;xky
Uma' Lung;ulu
Umbindhamu;umd
Umbugarla;umr
Umbuygamu;umg
Umeda;upi
Umotína;umo
Una;mtg
Unas;art-una
Unubahe;unu
Upper Guinea Crioulo;pov
Upper Saxon;sxu
Upper Tanudan Kalinga;kgh
Upper Ta'oih;tth
Ura;uur
Urapmin;urm
Urarina;ura
Uripiv-Wala-Rano-Atchin;upv
Urningangg;urc
Uru;ure
Uruguayan Sign Language;ugy
Usui;usi
Utu;utu
Uya;usu
Wa;wbm
Waata;ssn
Waboda;kmx
Waci Gbe;wci
Wadaginam;wdg
Waddar;wbq
Wadi Wadi;xwd
Wadikali;wdk
Wadiyara Koli;kxp
Wadjabangayi;wdy
Wadjiginy;wdj
Wadjigu;wdu
Wae Rana;wrx
Vafsi;vaf
Wagawaga;wgb
Wagaya;wga
Wagdi;wbr
Vaghat-Ya-Bijim-Legeri;bij
Vagla;vag
Wahau Kayan;whu
Wahau Kenyah;whk
Wahgi;wgi
Waigeo;wgo
Waioli;wli
Vaiphei;vap
Waja;wja
Wajuk;xwj
Waka;wav
Wakawaka;wkw
Wakoná;waf
Wala;lgl
Walak;wlw
Walamo;wal
Walangama;nlw
Vale;vae
Valencian Sign Language;vsv
Walio;wla
Valman;van
Walo Kumbe Dogon;dwl
Walser;wae
Walungge;ola
Wamas;wmc
Vame;mlr
Wamin;wmi
Wan;wan
Wanda;wbh
Wandji;wdd
Wangaaybuwan-Ngiyambaa;wyb
Wangkayutyuru;wky
Vanimo;vam
Wanman;wbt
Wannu;jub
Vanuma;vau
Wapan;juk
Wára;tci
Wara;wbf
Waray;wrz
Wardaman;wrr
Wardandi;wxw
Warduji;wrd
Warembori;wsa
Wares;wai
Varhadi-Nagpuri;vah
Waris;wrs
Varisi;vrs
Warlmanpa;wrl
Warnang;wrn
Warrwa;wwr
Waru;wru
Waruna;wrv
Vasavi;vas
Vasekela Bushman;vaj
Wasu;wsu
Watakataui;wtk
Waube;kop
Waurá;wau
Wauyai;wuy
Waxianghua;wxa
Wayoró;wyr
Vayu;vay
Wè Northern;wob
Wè Western;wec
Weh;weh
Vehes;val
Welaung;weu
Weme Gbe;wem
Vemgo-Mabas;vem
Venetian;vec
Venezuelan Sign Language;vsl
Wergaia;weg
Weri;wer
Wersing;kvw
West Berawan;zbw
West Central Oromo;gaz
West Kewa;kew
West Lembata;lmj
West Masela;mss
West Yugur;ybe
West-Central Limba;lia
Western Balochi;bgn
Western Canadian Inuktitut;ikt
Western Kanjobal;knj
Western Karaboro;kza
Western Krahn;krw
Western Lalu;ywl
Western Maninkakan;mlq
Western Mashan Hmong;hmw
Western Meohang;raf
Western Muria;mut
Western Niger Fulfulde;fuh
Western Panjabi;pnb
Western Persian;pes
Western Tawbuid;twb
Western Tunebo;tnb
Wewaw;wea
Weyto;woy
White Gelao;giw
White Lachi;lwh
Vidunda;vid
Viemo;vig
Wikalkan;wik
Wik-Epa;wie
Wik-Iiyanh;wij
Wik-Keyangan;wif
Wik-Me'anha;wih
Wik-Ngathana;wig
Wikngenchera;wua
Wilawila;wil
Vilela;vil
Wintu;wit
Winyé;kst
Vinza;vin
Wiradhuri;wrh
Wirangu;wiw
Wiru;wiu
Vishavan;vis
Viti;vit
Vitou;vto
Wojenaka;jod
Vono;kch
Voro;vor
Worodougou;jud
Worora;unp
Wotapuri-Katarqalai;wsv
Wotjobaluk;xwt
Wotu;wtw
Wuding-Luquan Yi;ywq
Wuliwuli;wlu
Wulna;wux
Vumbu;vum
Wumeng Nasu;ywu
Wunai Bunu;bwn
Wunambal;wub
Wurrugu;wur
Wusa Nasu;yig
Xaasongaxango;kao
Xaragure;axx
Xiandao;xia
Xicotepec De Juárez Totonac;too
Xipaya;xiy
Xipináwa;xip
Xiri;xii
Xishanba Lalo;ywt
Xokleng;xok
Xukurú;xoo
Xwela Gbe;xwe
Yaaku;muu
Yaben;ybm
Yabong;ybo
Yafi;wfg
Yagua;yad
Yahadian;ner
Yahang;rhp
Yahuna;ynu
Yaka (Central African Republic);axk
Yakaikeke;ykk
Yakoma;yky
Yaleba;ylb
Yalunka;yal
Yameo;yme
Yamphe;yma
Yana;ynn
Yanda Dom Dogon;dym
Yanda;yda
Yandjibara;xyb
Yang Zhuang;zyg
Yangbye;ybd
Yangho;ynh
Yangman;jng
Yangulam;ynl
Yanomámi;wca
Yansi;yns
Yaouré;yre
Yarawata;yrw
Yardliyawarra;yxi
Yardliyawarra;yxl
Yareba;yrb
Yarí;yri
Yarluyandi;yry
Yarsun;yrs
Yassic;ysc
Yatay;yty
Yauma;yax
Yaweyuha;yby
Yawiyo;ybx
Yay;pcc
Yaygir;xya
Yazgulyam;yah
Yecuatla Totonac;tlc
Yei;jei
Yekora;ykr
Yela;yel
Yele;yle
Yelmek;jel
Yelogu;ylg
Yemsa;jnj
Yeni;yei
Yeniche;yec
Yerakai;yra
Yerong;yrn
Yerukula;yeu
Yetfa;yet
Yeyi;yey
Yiddish Sign Language;yds
Yimas;yee
Yinbaw Karen;kvu
Yinchia;yin
Yiningayi;ygi
Yintale Karen;kvy
Yirandali;ljw
Yitha Yitha;xth
Yiwom;gek
Yoidik;ydk
Yoke;yki
Yokuts;yok
Yom;pil
Yongbei Zhuang;zyb
Yongkom;yon
Yongnan Zhuang;zyn
Yos;yos
Youjiang Zhuang;zyj
Youle Jinuo;jiu
Yoy;yoy
Yuaga;nua
Yuchi;yuc
Yugambal;yub
Yugh;yuu
Yugoslavian Sign Language;ysl
Yugul;ygu
Yukuben;ybl
Yulu;yul
Yuru;ljx
Yuwana;yau
Zambian Sign Language;zsl
Zamboanga Chavacano;cbk-zam
Zarphatic;zrp
Zayein Karen;kxk
Zeme Naga;nzm
Zemgalian;xzm
Zhaba;zhb
Zimbabwe Sign Language;zib
Zire;sih
Zoroastrian Dari;gbz
Zulu;zu
Zumbun;jmb