name;abr 
'Are'are;poz-sls
ǃXóõ;khi-tuu
Àhàn;alv-aah
ǀXam;khi-tuu
ǂHoan;khi-kxa
Ömie;ngf
Önge;qfa-ong
ǁAni;khi-kal
ǁGana;khi-kal
Áncá;nic-mom
ǁXegwi;khi-tuu
Äiwoo;poz-tem
Äynu;qfa-mix
A'ou;gio
A-Hmao;hmn
A-Pucikwar;qfa-adc
Aari;omv-aro
Aasax;cus-sou
Abé;alv-lag
Aba;poz-tem
Abaga;paa-kag
Abai Sungai;poz-san
Abanyom;nic-eko
Abau;paa-spk
Abaza;cau-abz
Abenaki;alg-abp
Abenlen Ayta;phi
Abidji;alv-lag
Abinomn;qfa-iso
Abipón;sai-guc
Abishira;qfa-iso
Abkhaz;ab
Abom;ngf
Abon;nic-tvn
Abron;alv-ctn
Abu';qfa-tor
Abu;paa-ram
Abua;nic-cde
Abui;qfa-tap
Abun;paa
Abung;poz-lgx
Abure;alv-ptn
Abureni;nic-cde
Acatepec Me'phaa;omq
Acehnese;cmc
Aché;tup
Achagua;awd
Achang;tbq-brm
Acheron;alv-tal
Achi;myn
Acholi;sdv-los
Achuar;sai-jiv
Achumawi;nai-pal
Acroá;sai-cje
Adamorobe Sign Language;sgn
Adang;qfa-tap
Adangbe;alv-gda
Adangme;alv-gda
Adap;sit-tib
Adele;alv-ntg
Adhola;sdv-los
Adi;sit-tan
Adioukrou;alv-lag
Adithinngithigh;aus-pmn
Adivasi Odia;inc-eas
Adiwasi Garasia;inc-bhi
Adja;alv-gbe
Adnyamathanha;aus-psw
Adonara;poz-cet
Aduge;alv-nwd
Adyghe;cau-cir
Adzera;poz-ocw
Aeka;ngf
Aekyom;ngf
Aequian;itc
Aer;inc-wes
Afade;cdc-cbm
Afar;aa
Afitti;sdv-nyi
Afrihili;art
Afrikaans;af
Afro-Seminole Creole;crp
Agarabi;paa-kag
Agariya;mun
Agatu;alv-ido
Agavotaguerra;awd
Aghem;nic-rnw
Aghu Tharrnggala;aus-pmn
Aghu;ngf
Aghul;cau-esm
Aghwan;cau-esm
Agi;qfa-tor
Agoi;nic-ucr
Aguacateca;myn
Aguaruna;sai-jiv
Aguna;alv-gbe
Agusan Manobo;mno
Agutaynen;phi-kal
Agwagwune;nic-ucn
Ahanta;alv-ctn
Ahirani;raj
Ahom;tai-swe
Ahtna;ath-nor
Ahwai;nic-plt
Ai-Cham;qfa-kms
Aighon;poz-ocw
Aikanã;qfa-iso
Aiklep;poz-ocw
Aimele;ngf
Aimol;tbq-kuk
Ainbai;paa-brd
Ainu;qfa-ain
Aiome;paa
Airoran;paa-tkw
Aisi;ngf-mad
Aiton;tai-swe
Aja;csu-bkr
Ajawa;cdc-wst
Ajië;poz-cln
Ajyíninka Apurucayali;awd
Ak;paa
Aka-Bea;qfa-ads
Aka-Bo;qfa-adn
Aka-Cari;qfa-adn
Aka-Kede;qfa-adc
Aka-Kol;qfa-adc
Aka-Kora;qfa-adn
Aka (Central Africa);bnt-ngn
Aka (Sudan);sdv-eje
Akan;ak
Akar-Bale;qfa-ads
Akaselem;nic-grm
Akatek;myn
Akawaio;sai-pem
Ake;nic-pls
Akebu;alv-ktg
Akei;poz-vnn
Akeu;tbq-sil
Akha;tbq-han
Akhvakh;cau-and
Akkadian;sem-eas
Akkala Sami;smi
Aklanon;phi
Akolet;poz-ocw
Akoose;bnt-mne
Akoye;ngf
Akpa;alv-ido
Akpes;alv-von
Akrukay;paa-ram
Akuku;alv-nwd
Akum;nic-ykb
Akuntsu;tup
Akurio;sai-tar
Akuwagel;qfa-tor
Akwa;bnt-mbo
Alaba;cus-hec
Alabama;nai-mus
Alabat Island Agta;phi
Alacatlatzala Mixtec;omq-mxt
Alago;alv-ido
Alagwa;cus-sou
Alak;mkh
Alamblak;paa
Alangan;phi
Alanic;xsc-sar
Alapmunte;sai-nmk
Alas-Kluet Batak;btk
Alawa;aus-gun
Albanian;sq
Alcozauca Mixtec;omq-mxt
Alege;nic-ben
Alekano;paa-kag
Alemannic German;gmw-hgm
Aleut;esx
Algerian Arabic;sem-arb
Algonquin;alg
Ali;gba-eas
Alladian;alv-lag
Allar;dra-mal
Alngith;aus-pmn
Aloápam Zapotec;omq-zap
Alorese;poz
Alu Kurumba;dra-kan
Alu;poz-ocw
Alugu;tbq-urp
Alumu-Tesu;nic-alu
Alune;poz-cet
Alur;sdv-los
Alutiiq;ypk
Alutor;qfa-ckn
Alviri-Vidari;xme
Alyawarr;aus-pam
Ama;qfa-mal
Amahai;poz-cma
Amahuaca;sai-pan
Amaimon;ngf-mad
Amal;paa-iwm
Amanab;paa-brd
Amanayé;tup-gua
Amara;poz-ocw
Amarakaeri;sai-har
Amarasi;poz-tim
Amatlán Zapotec;omq-zpc
Amba;bnt-kbi
Ambai;poz-hce
Ambakich;paa-ram
Ambala Ayta;phi
Ambelau;poz-cma
Ambele;nic-grf
Amblong;poz-vnn
Ambo;nic-tvn
Ambonese Malay;crp
Ambrak;qfa-tor
Ambul;poz-ocw
Ambulas;paa-spk
Amdang;ssa-fur
Amele;ngf-mad
American Sign Language;sgn
Amganad Ifugao;phi
Amharic;am
Ami;aus-dal
Amis;map
Amo;nic-kne
Amol;qfa-tor
Amoltepec Mixtec;omq-mxt
Amondawa;tup-gua
Ampanang;poz
Ampari Dogon;nic-dgw
Amri Karbi;tbq-kuk
Amto;paa-asa
Amurdag;aus-wdj
Anāl;tbq-kuk
Ana Tinga Dogon;qfa-dgn
Anaang;nic-ief
Anakalangu;poz-cet
Anam;ngf-mad
Anambé;tup-gua
Anasi;paa-egb
Ancient Greek;grk
Ancient Ligurian;ine
Ancient Macedonian;grk
Ancient North Arabian;sem-cen
Andai;paa-arf
Andajin;aus-wor
Andalusian Arabic;sem-arb
Andaman Creole Hindi;crp
Andarum;paa
Andegerebinha;aus-pam
Andh;inc-sou
Andi;cau-and
Andio;poz-slb
Andoa;sai-zap
Andoque;qfa-iso
Andra-Hus;poz-aay
Aneityum;poz-vns
Anem;paa
Aneme Wake;ngf
Angaataha;ngf
Angaité;sai-mas
Angal Enen;paa-eng
Angal Heneng;paa-eng
Angal;paa-eng
Angami;tbq-anp
Angguruk Yali;ngf
Angika;inc-bih
Angkamuthi;aus-pmn
Angkola Batak;btk
Angloromani;qfa-mix
Angolar;crp
Angor;paa
Angoram;paa-lsp
Anguthimri;aus-pam
Anii;alv-ntg
Animere;alv-ktg
Anindilyakwa;aus-arn
Anjam;ngf-mad
Ankave;ngf
Anmatyerre;aus-pam
Annobonese;crp
Anong;sit-nng
Anor;paa
Anserma;sai-chc
Ansus;poz-hce
Antakarinya;aus-psw
Antigua and Barbuda Creole English;crp
Antillean Creole;crp
Anu;sit-mru
Anuak;sdv-lon
Anufo;alv-ctn
Anuki;poz-ocw
Anus;poz-ocw
Anuta;poz-pnp
Anyi;alv-ctn
Anyin Morofo;alv-ctn
Ao;sit-aao
Aoheng;poz
Aore;poz-vnn
Apalaí;sai-gui
Apalachee;nai-mus
Apali;ngf-mad
Apasco-Apoala Mixtec;omq-mxt
Apatani;sit-tan
Apiaká;tup-gua
Apinayé;sai-nje
Apma;poz-vnn
Aproumu Aizi;alv-kwa
Apurinã;awd
Aputai;poz-tim
Aquitanian;euq
Arabana;aus-kar
Arabela;sai-zap
Arabic;ar
Aragonese;an
Araki;poz-vnn
Arakwal;aus-pam
Aralle-Tabulahan;poz-ssw
Aramaic;sem-ara
Arammba;ngf
Aranadan;dra-mal
Arandai;ngf
Araona;sai-tac
Arapaho;alg-ara
Arapaso;sai-tuc
Arara-Karo;tup
Ararandewára;tup-gua
Araweté;tup-gua
Arawum;ngf-mad
Arbore;cus-eas
Archi;cau-lzg
Are;poz-ocw
Areba;aus-pam
Arem;mkh-vie
Argentine Sign Language;sgn
Argobba;sem-eth
Arguni;poz-cet
Arhö;poz-cln
Arhâ;poz-cln
Arhuaco;cba
Ari;paa-pag
Aribwatsa;poz-ocw
Aribwaung;poz-ocw
Arifama-Miniafia;poz-ocw
Arigidi;alv-von
Arikapú;sai-mje
Arikara;cdd
Arikem;tup
Arin;qfa-yso
Aringa;csu-mma
Armenian;hy
Aromanian;roa-eas
Arop-Lokep;poz-ocw
Arop-Sissano;poz-ocw
Arosi;poz-sls
Arta;phi
Aruá;tup
Arua;auf
Aruamu;paa
Aruek;qfa-tor
Aruop;qfa-tor
As;poz-hce
Asaro'o;ngf-fin
Ashéninka Pajonal;awd
Ashéninka Perené;awd
Asháninka;awd
Ashe;nic-plc
Ashkun;nur-sou
Asi;phi
Asilulu;poz-cma
Askopan;paa-nbo
Asoa;csu-maa
Assamese;as
Assan;qfa-yso
Assiniboine;sio-dkt
Assyrian Neo-Aramaic;sem-nna
Asturian;roa-asl
Asu;alv-ngb
Asumboa;poz-tem
Asunción Mixtepec Zapotec;omq-zap
Asuri;mun
Ata Manobo;mno
Ata;phi
Atakapa;qfa-iso
Atampaya;aus-pam
Atatláhuca Mixtec;omq-mxt
Atayal;map-ata
Atemble;ngf-mad
Ateso;sdv-ttu
Athpare;sit-kie
Ati;phi
Atikamekw;alg
Atohwaim;ngf
Atong (Cameroon);nic-grs
Atong (India);tbq-bdg
Atorada;awd
Atsahuaca;sai-pan
Atsam;nic-kne
Atsugewi;nai-pal
Attapady Kurumba;dra-imd
Attié;alv-lag
Au;qfa-tor
Auhelawa;poz-ocw
Aukan;crp
Aulua;poz-vnc
Aurá;tup-gua
Aushi;bnt-sbi
Aushiri;sai-zap
Auslan;sgn
Austral;poz-pep
Australian Aboriginal Sign Language;sgn
Australian Kriol;crp
Austrian Sign Language;sgn
Austronesian Mari;poz-ocw
Auwe;paa-brd
Auyana;paa-kag
Auye;ngf
Auyokawa;cdc-wst
Avá-Canoeiro;tup-gua
Avar;av
Avatime;alv-ktg
Avau;poz-ocw
Avava;poz-vnc
Avestan;ae
Avikam;alv-lag
Avokaya;csu-mma
Awa-Cuaiquer;sai-bar
Awa (China);mkh-pal
Awa (New Guinea);paa-kag
Awabakal;aus-pam
Awadhi;inc-hie
Awak;alv-wjk
Awar;paa
Awara;ngf-fin
Awbono;ngf
Aweer;cus-som
Awera;paa-lkp
Awetí;tup
Awing;nic-nge
Awjila;ber
Awngi;cus-cen
Awngthim;aus-pmn
Awtuw;paa-spk
Awun;paa-spk
Awutu;alv-gng
Awyi;paa-brd
Axamb;poz-vnc
Ayabadhu;aus-pmn
Ayere;alv-aah
Ayerrerenge;aus-pam
Ayi;paa-spk
Ayizo;alv-pph
Aymara;ay
Ayoquesco Zapotec;omq-zpc
Ayoreo;sai-zam
Ayu;alv
Ayutla Mixtec;omq-mxt
Azeri;az
Azha;tbq-axi
Azoyú Me'phaa;omq
Baagandji;aus-pam
Baan;nic-ogo
Baangi;nic-kam
Baatonum;alv-sav
Baba Malay;crp
Baba;nic-nun
Babango;bnt-bta
Babanki;nic-rnc
Babatana;poz-ocw
Babine-Witsuwit'en;ath-nor
Babole;bnt-ngn
Babungo;nic-rnn
Babuza;map
Bacama;cdc-cbm
Bacanese Malay;poz-mly
Bactrian;ira-sbc
Bada;poz-kal
Badaga;dra-kan
Badanchi;nic-jrw
Bade;cdc-wst
Badeshi;iir
Badimaya;aus-psw
Baduy;poz-msa
Badyara;alv-ten
Baeggu;poz-sls
Baekje;qfa-kor
Baelelea;poz-sls
Baetora;poz-vnn
Bafanji;nic-nun
Bafaw;bnt-bbo
Bafia;bnt-baf
Bafut;nic-nge
Baga Kaloum;alv-bag
Baga Koga;alv-bag
Baga Manduri;alv-bag
Baga Pokur;alv-nal
Baga Sitemu;alv-bag
Baga Sobané;alv-bag
Bagheli;inc-hie
Bagirmi;csu-bgr
Bagri;raj
Bagupi;ngf-mad
Bagusa;paa-tkw
Bagvalal;cau-and
Baham;paa
Bahamian Creole;crp
Baharna Arabic;sem-arb
Bahau;poz
Bahinemo;paa-spk
Bahing;sit-kiw
Bahnar;mkh-ban
Bahonsuai;poz-btk
Bai;nic-ser
Baibai;paa
Baikeno;poz-tim
Baimak;ngf-mad
Bainouk-Gunyaamolo;alv-bny
Bainouk-Gunyuño;alv-bny
Bainouk-Samik;alv-bny
Baiso;cus-som
Baissa Fali;nic-bco
Bajan;crp
Bajelani;ira-zgr
Bajjika;inc-bih
Baka;nic-nkb
Bakairí;sai-pek
Bakaka;bnt-mne
Bakhtiari;ira-swi
Baki;poz-vnc
Bakoko;bnt-bsa
Bakole;bnt-kpw
Bakpinka;nic-ucr
Bakulung;nic-jrn
Bakumpai;poz-brw
Bakung;poz-swa
Bakwé;kro-ekr
Balaesang;poz
Balangao;phi
Balangingi;poz-sbj
Balanta-Ganja;alv-bak
Balanta-Kentohe;alv-bak
Balantak;poz-slb
Balau;poz-mly
Baldemu;cdc-cbm
Bali;bnt-kbi
Balinese Malay;crp
Balinese;poz-bss
Balkan Gagauz Turkish;trk-ogz
Balkan Romani;inc-rom
Balo;nic-grs
Baloi;bnt-ngn
Balti;sit-lab
Baltic Romani;inc-rom
Baluan-Pam;poz-aay
Baluchi;ira-nwi
Bamali;nic-nun
Bambalang;nic-nun
Bambam;poz-ssw
Bambara;bm
Bambassi;omv-mao
Bambili-Bambui;nic-nge
Bamenyam;nic-nun
Bamu;paa-kiw
Bamukumbit;nic-nge
Bamum;nic-nun
Bamunka;nic-rnn
Bamwe;bnt-bun
Bana;cdc-cbm
Banao Itneg;phi
Banaro;paa
Banda-Bambari;bad-cnt
Banda-Banda;bad-cnt
Banda-Mbrès;bad-cnt
Banda-Ndélé;bad-cnt
Banda Malay;crp
Banda;poz-cma
Bandi;dmn-msw
Bandial;alv-jol
Bandjalang;aus-pam
Bangala;bnt-bmo
Bangandu;gba-sou
Bangba;nic-nke
Banggai;poz-slb
Bangi;bnt-bmo
Bangime;qfa-iso
Bangka;poz-mly
Bangolan;nic-nun
Bangubangu;bnt-lbn
Bangwinji;alv-wjk
Baniva;awd
Baniwa;awd-nwk
Banjarese;poz-mly
Banka;dmn-smg
Bankan Tey Dogon;nic-nwa
Bankon;bnt-bsa
Banoni;poz-ocw
Bantawa;sit-kic
Bantayanon;phi
Bantik;poz
Baoule;alv-ctn
Barí;cba
Baré;awd
Baraamu;sit-new
Barai;ngf
Barakai;poz-cet
Baram Kayan;poz
Barama;bnt-sir
Barambu;znd
Baramu;ngf
Barapasi;paa-egb
Baras;poz
Barasana;sai-tuc
Barbareño;nai-chu
Barclayville Grebo;kro-grb
Bardi;aus-nyu
Barein;cdc-est
Bargam;ngf-mad
Bari;sdv-bri
Bariai;poz-ocw
Bariji;ngf
Barikanchi;crp
Barikewa;ngf
Barngarla;aus-pam
Barok;poz-ocw
Barombi;bnt-bsa
Barrow Point;aus-pmn
Baruga;ngf
Baruya;ngf
Barwe;bnt-sna
Barzani Jewish Neo-Aramaic;sem-nna
Basa-Gumna;nic-bas
Basa-Gurmana;nic-bas
Basa;nic-bas
Basaa;bnt-bsa
Basap;poz-bnn
Basay;map
Bashkardi;ira-swi
Bashkir;ba
Basketo;omv-ome
Basque;eu
Bassa-Kontagora;nic-bas
Bassa;kro-wkr
Bassari;alv-ten
Bassossi;bnt-mne
Bata;cdc-cbm
Bataan Ayta;phi
Batad Ifugao;phi
Batanga;bnt-saw
Batek;mkh-asl
Bateri;inc-koh
Bathari;sem-sar
Bati (Cameroon);nic-mbw
Bati (Indonesia);poz-cma
Bats;cau-nkh
Batu;nic-tvn
Batui;poz-slb
Batuley;poz
Bau Bidayuh;day
Bau;ngf-mad
Bauchi;nic-shi
Baure;awd
Bauria;inc-bhi
Bauro;poz-sls
Bauwaki;ngf
Bauzi;paa-egb
Bavarian;gmw-hgm
Bawm Chin;tbq-kuk
Bay Miwok;nai-you
Bayali;aus-pam
Baybayanon;phi
Baygo;sdv-daj
Bayono;ngf
Bayot;alv-jol
Bayungu;aus-psw
Beami;paa
Beaver;ath-nor
Beba;nic-nge
Bebe;nic-bbe
Bebele;bnt-btb
Bebeli;poz-ocw
Bebil;bnt-btb
Bedik;alv-ten
Bedjond;csu-sar
Bedoanas;poz-hce
Beeke;bnt-kbi
Beele;cdc-wst
Beembe;bnt-kng
Beezen;nic-ykb
Befang;nic-bds
Begbere-Ejar;nic-plc
Beja;cus
Bekati';day
Bekwarra;nic-ben
Bekwel;bnt-bek
Belait;poz-swa
Belanda Bor;sdv-lon
Belanda Viri;nic-ser
Belarusian;be
Belhariya;sit-kie
Beli;csu-bbk
Belizean Creole;crp
Bella Coola;sal
Bellari;dra-tlk
Bemba;bnt-sbi
Bembe;bnt-lgb
Ben Tey;nic-nwa
Bena;alv-yun
Benabena;paa-kag
Bench;omv
Bende;bnt
Bendi;csu-mle
Beneraf;paa-tkw
Beng;dmn-nbe
Benga;bnt-saw
Bengali;bn
Benggoi;poz-cma
Bentong;poz-ssw
Benyadu';day
Bepour;ngf-mad
Bera;bnt-kbi
Berakou;csu-bgr
Berau Malay;poz-mly
Berawan;poz-swa
Berbice Creole Dutch;crp
Berik;paa-tkw
Berinomo;paa-spk
Berom;nic-beo
Berta;qfa-iso
Berti;ssa-sah
Besisi;mkh-asl
Besme;alv-kim
Besoa;poz-kal
Betaf;paa-tkw
Betawi;crp
Bete-Bendi;nic-ben
Bete;nic-ykb
Betta Kurumba;dra-kan
Bezhta;cau-ets
Bhadrawahi;him
Bharia;inc
Bhatri;inc-eas
Bhattiyali;him
Bhele;bnt-kbi
Bhilali;inc-bhi
Bhili;inc-bhi
Bhojpuri;inc-bih
Bhunjia;inc-hal
Biafada;alv-ten
Biage;ngf
Biak;poz-hce
Biali;nic-eov
Bian Marind;ngf
Biangai;paa
Biao-Jiao Mien;hmx-mie
Biao;qfa-tak
Biatah Bidayuh;day
Bibaali;alv-mye
Bidiyo;cdc-est
Bidyara;aus-pam
Bidyogo;alv-bak
Biem;poz-ocw
Bierebo;poz-vnc
Bieria;poz-vnc
Biete;tbq-kuk
Big Nambas;poz-vnc
Biga;poz-hce
Bigambal;aus-pam
Bih;cmc
Bihari;bh
Bijori;mun
Bikaru;paa-eng
Bikol Central;phi
Bikya;nic-fru
Bila;bnt-kbi
Bilakura;ngf-mad
Bilaspuri;him
Bilba;poz-tim
Bilbil;poz-ocw
Bile;nic-jrn
Biliau;poz-ocw
Biloxi;sio-ohv
Bilua;ngf
Bilur;poz-ocw
Bima;poz-cet
Bimin;ngf-okk
Bimoba;nic-grm
Bina;poz-ocw
Binahari;ngf
Binandere;ngf
Binawa;nic-kau
Bine;paa
Binji;bnt-lbn
Binongan Itneg;phi
Bintauna;phi
Bintulu;poz-swa
Binukid;mno
Binumarien;paa-kag
Bipi;poz-aay
Birao;poz-sls
Birgid;nub
Birgit;cdc-est
Birhor;mun
Biri;aus-pam
Biritai;paa-lkp
Birri;csu-bkr
Birrpayi;aus-yuk
Birwa;bnt-sts
Biseni;ijo
Bishnupriya Manipuri;inc-bas
Bishuo;nic-fru
Bisis;paa-spk
Bislama;bi
Bisorio;paa-eng
Bissa;dmn-bbu
Bisu;tbq-bis
Bit;mkh-pal
Bitare;nic-tvn
Biwat;paa-yua
Biyo;tbq-bka
Biyom;ngf-mad
Blablanga;poz-ocw
Blackfoot;alg
Blafe;paa
Blagar;ngf
Blang;mkh-pal
Blin;cus-cen
Bo-Rukul;nic-ple
Boano (Maluku);poz-cma
Boano (Sulawesi);poz
Bobongko;poz-slb
Bobot;poz-cma
Bodo (Central Africa);bnt-leb
Bodo (India);tbq-bdg
Bodo Gadaba;mun
Bodo Parja;inc-eas
Bofi;gba-eas
Boga;cdc-cbm
Bogaya;ngf
Boghom;cdc-wst
Boguru;bnt-boa
Bohtan Neo-Aramaic;sem-nna
Boikin;paa-spk
Boko;dmn-bbu
Bokobaru;dmn-bbu
Bokoto;gba-wes
Bokyi;nic-ben
Bola;poz-ocw
Bolango;phi
Bole;cdc-wst
Bolgo;alv-bua
Bolia;bnt-mon
Bolinao;phi
Bolivian Sign Language;sgn
Boloki;bnt-zbi
Bolon;dmn-emn
Bolondo;bnt-bun
Bolongan;poz
Bolyu;mkh-pkn
Bom;alv-mel
Bomboli;bnt-ngn
Bomboma;bnt-bun
Bomitaba;bnt-ngn
Bomu;nic-bwa
Bomwali;bnt-ndb
Bonan;xgn-shr
Bondei;bnt-seu
Bondo;mun
Bondoukou Kulango;alv-kul
Bondum Dom Dogon;nic-npd
Bonerate;poz-mun
Bonggi;poz-bnn
Bonggo;poz-ocw
Bongili;bnt-ngn
Bongo;csu-bbk
Bongu;ngf-mad
Bonjo;alv
Bonkeng;bnt-bbo
Bonkiman;ngf-fin
Bookan;poz-san
Boon;cus-eas
Boor;cdc-est
Borôro;sai-mje
Bora;sai-bor
Borei;paa
Borong;ngf
Boruca;cba
Boselewa;poz-ocw
Bosngun;paa
Bote-Majhi;inc-eas
Botlikh;cau-and
Botolan Sambal;phi
Bouyei;tai-nor
Bozaba;bnt-ngn
Bragat;qfa-tor
Brahui;dra-nor
Braj;inc-hiw
Brazilian Sign Language;sgn
Brem;ngf
Breri;paa
Breton;br
Bribri;cba
British Sign Language;sgn
Brokkat;sit-tib
Brokpake;sit-tib
Brokskat;inc-shn
Brooke's Point Palawano;phi
Broome Pearling Lugger Pidgin;crp
Brunei Bisaya;poz-san
Brunei Malay;poz-mly
Bu-Nao Bunu;hmn
Bu;nic-nin
Bua;alv-bua
Bualkhaw Chin;tbq-kuk
Buamu;nic-bwa
Bube;nic-bds
Bubi;bnt-tso
Bubia;nic-bds
Budibud;poz-ocw
Budong-Budong;poz-ssw
Budu;bnt-nya
Budukh;cau-ssm
Buduma;cdc-cbm
Budza;bnt-bun
Bugan;mkh-pkn
Bughotu;poz-sls
Buginese;poz-ssw
Buglere;cba
Bugun;sit-khb
Buhi'non Bikol;phi
Buhid;phi
Buhutu;poz-ocw
Bujhyal;sit-gma
Bukar-Sadung Bidayuh;day
Bukat;poz-bnn
Bukawa;poz-ocw
Bukhari;ira-swi
Bukit Malay;poz-mly
Bukitan;poz-bnn
Bukiyip;qfa-tor
Bukusu;bnt-msl
Bulgar;trk-ogr
Bulgarian;bg
Bulgebi;ngf-fin
Buli (Ghana);nic-buk
Buli (Indonesia);poz-hce
Bulo Stieng;mkh-ban
Bulu (Cameroon);bnt-btb
Bulu (New Guinea);poz-ocw
Bum;nic-rnc
Bumaji;nic-ben
Bumbita Arapesh;qfa-tor
Bumthangkha;sit-ebo
Bun;paa-yua
Buna;qfa-tor
Bunaba;aus-bub
Bunak;ngf
Bunama;poz-ocw
Bundeli;inc-hiw
Bung;nic-bdn
Bungain;qfa-tor
Bungku;poz-btk
Bungu;bnt-mby
Bunoge;nic-dgw
Bunun;map
Buol;phi
Bura Mabang;ssa
Bura;cdc-cbm
Burak;alv-bwj
Buraka;nic-nkg
Burarra;aus-arn
Burate;paa-egb
Burduna;aus-psw
Bure;cdc-wst
Burji;cus-hec
Burmbar;poz-vnc
Burmese;my
Burmeso;paa-wpa
Buru (Indonesia);poz-cma
Buru (Nigeria);nic-bds
Burui;paa-spk
Burumakok;ngf-okk
Burun;sdv-niw
Burunge;cus-sou
Burushaski;qfa-iso
Burusu;poz-san
Buruwai;ngf
Buryat;xgn-cen
Busa;dmn-bbu
Busam;nic-grs
Busami;poz-hce
Busang Kayan;poz
Bushoong;bnt-bsh
Buso;cdc-est
Busoa;poz
Bussa;cus-eas
Busuu;nic-fru
Butbut Kalinga;phi
Butmas-Tur;poz-vnn
Butuanon;phi
Buwal;cdc-cbm
Buyeo;qfa-kor
Buyu;bnt-nyb
Bwa;bnt-bta
Bwaidoka;poz-ocw
Bwanabwana;poz-ocw
Bwatoo;poz-cln
Bwe Karen;kar
Bwela;bnt-bun
Bwile;bnt-sbi
Bwisi;bnt-sir
Byangsi;sit-alm
Cèmuhî;poz-cln
Caac;poz-cln
Cabécar;cba
Cabiyarí;awd-nwk
Cacaloxtepec Mixtec;omq-mxt
Cacaopera;nai-min
Cacgia Roglai;cmc
Cacua;sai-nad
Caddo;cdd
Cafundó;roa-gap
Cahuarano;sai-zap
Cahuilla;azc-cup
Cajonos Zapotec;omq-zpc
Caka;nic-tvc
Cakfem-Mushere;cdc-wst
Caló;qfa-mix
Calamian Tagbanwa;phi-kal
Caluyanun;phi
Camarines Norte Agta;phi
Cameroon Mambila;nic-mmb
Cameroon Pidgin;crp
Campalagian;poz-ssw
Camsá;qfa-iso
Camtho;crp
Candoshi-Shapra;qfa-iso
Canela;sai-nje
Canichana;qfa-iso
Cantonese;zhx-yue
Caolan;tai-cho
Capanahua;sai-pan
Capiznon;phi
Cappadocian Greek;grk
Caquinte;awd
Car Nicobarese;aav-nic
Cara;nic-beo
Carabayo;sai-tyu
Caramanta;sai-chc
Carapana;sai-tuc
Carian;ine-luw
Caribbean Hindustani;inc
Caribbean Javanese;poz
Carijona;sai-tar
Carolina Algonquian;alg-eas
Carolinian;poz-mic
Carpathian Romani;inc-rom
Carpathian Rusyn;zle
Carrier;ath-nor
Cashibo-Cacataibo;sai-pan
Cashinahua;sai-pan
Casiguran Dumagat Agta;phi
Casuarina Coast Asmat;ngf
Catalan Sign Language;sgn
Catalan;ca
Catawba;nai-cat
Cauca;sai-chc
Cavineña;sai-tac
Cayubaba;qfa-iso
Cayuga;iro-nor
Cebuano;phi
Celtiberian;cel-his
Cen;nic-plc
Centúúm;qfa-iso
Central Asmat;ngf
Central Atlas Tamazight;ber
Central Awyu;ngf
Central Bai;sit-bai
Central Bontoc;phi
Central Cagayan Agta;phi
Central Dusun;poz-san
Central Grebo;kro-grb
Central Huasteca Nahuatl;azc-hua
Central Kurdish;ku-Arab
Central Mahuatlán Zapoteco;omq-zap
Central Malay;poz-mly
Central Masela;poz-tim
Central Mazahua;oto
Central Melanau;poz-swa
Central Min;zhx-inm
Central Mnong;mkh-ban
Central Nahuatl;azc-nah
Central Nicobarese;aav-nic
Central Ojibwa;alg
Central Palawano;phi
Central Pame;omq
Central Pomo;nai-pom
Central Puebla Nahuatl;azc-nah
Central Sama;poz-sbj
Central Siberian Yupik;ypk
Central Sierra Miwok;nai-you
Central Subanen;phi
Central Tagbanwa;phi
Central Tarahumara;azc-trc
Central Tunebo;cba
Cerma;nic-gur
Ch'orti';myn
Chácobo;sai-pan
Chaap Wuurong;aus-pam
Chachi;sai-bar
Chadian Arabic;sem-arb
Chadian Sign Language;sgn
Chagatai;trk-kar
Chaima;sai-ven
Chak;sit-luu
Chakali;nic-gnw
Chakma;inc-bas
Chala;nic-gne
Chaldean Neo-Aramaic;sem-are
Chali;sit-ebo
Chamacoco;sai-zam
Chamalal;cau-and
Chamba Daka;nic-dak
Chamba Leko;alv-lek
Chambeali;him
Chambri;paa-lsp
Chamicuro;awd
Chamling;sit-kic
Chamorro;ch
Chané;awd
Chang;sit-kch
Changriwa;paa-yua
Changthang;sit-lab
Chantyal;sit-tam
Chara;omv
Chaura;aav-nic
Chavacano;crp
Chayahuita;sai-cah
Chayuco Mixtec;omq-mxt
Chazumba Mixtec;omq-mxt
Chechen;ce
Cheke Holo;poz-ocw
Chemakum;chi
Chenapian;paa-spk
Chenchu;dra-tel
Chenoua;ber
Chepang;sit-gma
Cherepon;alv-gng
Cherokee;iro
Chetco-Tolowa;ath-pco
Chewong;mkh-asl
Cheyenne;alg
Chhattisgarhi;inc-hie
Chhintange;sit-kie
Chhulung;sit-kie
Chiapanec;omq
Chibcha;cba
Chicahuaxtla Triqui;omq-tri
Chichewa;ny
Chichicapan Zapotec;omq-zap
Chichimeca-Jonaz;omq-otp
Chichonyi-Chidzihana-Chikauma;bnt-mij
Chickasaw;nai-mus
Chicomuceltec;myn
Chiduruma;bnt-mij
Chigmecatitlán Mixtec;omq-mxt
Chilcotin;ath-nor
Chilean Sign Language;sgn
Chilisso;inc-koh
Chiltepec Chinantec;omq-chi
Chimalapa Zoque;nai-miz
Chimariko;qfa-iso
Chimila;cba
Chinali;inc
Chinese Pidgin English;crp
Chinook Jargon;crp
Chinook;nai-ckn
Chipaya;sai-ucp
Chipewyan;ath-nor
Chiquihuitlán Mazatec;omq-maz
Chiquitano;qfa-iso
Chiricahua;apa
Chiripá;tup-gua
Chiru;tbq-kuk
Chitimacha;qfa-iso
Chittagonian;inc-bas
Chiwere;sio-msv
Choapan Zapotec;omq-zap
Chocangaca;sit-tib
Chochotec;omq-pop
Choctaw;nai-mus
Chodri;inc-bhi
Chokwe;bnt-clu
Chol;myn
Chong;mkh-pea
Chopi;bnt-bso
Chothe Naga;tbq-kuk
Chrau;mkh-ban
Chru;cmc
Chuabo;bnt-mak
Chuanqiandian Cluster Miao;hmn
Chuave;ngf
Chug;sit-khc
Chuj;myn
Chuka;bnt-kka
Chukchi;qfa-ckn
Chulym;trk-ssb
Chumburung;alv-gng
Churahi;him
Chut;mkh-vie
Chuukese;poz-mic
Chuvan;qfa-yuk
Chuvash;cv
Ci Gbe;alv-gbe
Cia-Cia;poz-mun
Cibak;cdc-cbm
Cicipu;nic-kam
Cimbrian;gmw-hgm
Cinamiguin Manobo;mno
Cinda-Regi-Tiyal;nic-kmk
Cineni;cdc-cbm
Cinta Larga;tup
Cishingini;nic-kam
Classical Gaelic;cel-gae
Classical Mandaic;sem-ase
Classical Mongolian;xgn-cen
Classical Nahuatl;azc-nah
Classical Newar;sit-new
Classical Quechua;qwe
Classical Syriac;sem-are
Classical Tibetan;sit-tib
Coast Miwok;nai-you
Coastal Kadazan;poz-san
Coastal Konjo;poz
Coatecas Altas Zapotec;omq-zap
Coatepec Nahuatl;azc-nah
Coatlán Mixe;nai-miz
Coatlán Zapotec;omq-zap
Coatzospan Mixtec;omq-mxt
Cocama;tup
Cochimi;nai-yuc
Cocopa;nai-yuc
Cocos Islands Malay;crp
Coeur d'Alene;sal
Cofán;qfa-iso
Cogui;cba
Colombian Sign Language;sgn
Colonia Tovar German;gmw-hgm
Columbia-Wenatchi;sal
Comaltepec Chinantec;omq-chi
Comanche;azc-num
Como Karim;nic-jkn
Comox;sal
Coos;nai-coo
Copainalá Zoque;nai-miz
Copala Triqui;omq-tri
Coptic;egx
Coquille;ath-pco
Cora;azc
Cori;nic-plc
Cornish;kw
Corsican;co
Cosoleacaque Nahuatl;azc-nah
Costa Rican Sign Language;sgn
Cotabato Manobo;mno
Cowlitz;sal
Coyaima;sai-car
Coyotepec Popoloca;omq-pop
Coyutla Totonac;nai-ttn
Cree;cr
Creek;nai-mus
Crimean Tatar;trk-kcu
Cross River Mbembe;nic-uce
Crow;sio-mor
Cruzeño;nai-chu
Cốông;tbq-bis
Cua;mkh-ban
Cuban Sign Language;sgn
Cubeo;sai-tuc
Cuiba;sai-guh
Cuitlatec;qfa-iso
Culina;auf
Cumanagoto;sai-cpc
Cun;qfa-lic
Cung;nic-bbe
Cupeño;azc-cup
Curonian;bat
Curripaco;awd-nwk
Cutchi-Swahili;crp
Cuvok;cdc-cbm
Cuyamecalco Mixtec;omq-mxt
Cuyunon;phi
Cwi Bwamu;nic-bwa
Cypriot Arabic;sem-arb
Czech Sign Language;sgn
Czech;cs
Dâw;sai-nad
Da'a Kaili;poz-kal
Daai Chin;tbq-kuk
Daakaka;poz-vnc
Daasanach;cus-eas
Daba;cdc-cbm
Dabe;paa-tkw
Dacian;ine
Dadi Dadi;aus-pam
Dadibi;ngf
Dadiya;alv-wjk
Daga;ngf
Dagaari Dioula;nic-mre
Dagba;csu-sar
Dagbani;nic-dag
Dagik;alv-tal
Dagoman;aus-yng
Dahalik;sem-eth
Dahalo;cus
Daho-Doo;kro-wee
Dai;poz-tim
Dair;nub-hil
Dairi Batak;btk
Dakota;sio-dkt
Dakpa;sit-ebo
Dalmatian;roa-dal
Daloa Bété;kro-bet
Dama (Nigeria);alv-mbm
Damakawa;nic-knn
Dambi;poz-ocw
Dampelas;poz-tot
Dan;dmn-mda
Danaru;ngf-mad
Dandami Maria;dra-mdy
Dangaléat;cdc-est
Danish Sign Language;sgn
Danish;da
Dano;paa-kag
Danu;tbq-brm
Danuwar;inc-bhi
Dao;ngf
Daonda;paa-brd
Dar Daju Daju;sdv-daj
Dar Fur Daju;sdv-daj
Dar Sila Daju;sdv-daj
Darai;inc-bhi
Dargwa;cau-drg
Darkinjung;aus-yuk
Darlong;tbq-kuk
Daro-Matu Melanau;poz-bnn
Dass;cdc-wst
Datooga;sdv-nis
Daungwurrung;aus-pam
Daur;xgn
Davawenyo;phi
Dawawa;poz-ocw
Dawera-Daweloor;poz-tim
Dawro;omv-nom
Day;alv-mbd
Dayi;aus-yol
Dazaga;ssa-sah
Deccani;inc-hnd
Dedua;ngf
Defaka;nic
Defi Gbe;alv-gbe
Deg Xinag;ath-nor
Deg;nic-gnw
Degema;alv-dlt
Degenan;ngf-fin
Dehwari;ira-swi
Delo;nic-gne
Dem;paa
Dema;bnt-sho
Demisa;paa-egb
Demta;paa-sen
Dení;auf
Dena'ina;ath-nor
Dendi;son
Dengese;bnt-tet
Dengka;poz-tim
Deno;cdc-wst
Denya;nic-mam
Deori;tbq-bdg
Desano;sai-tuc
Desiya;inc-eas
Dewoin;kro-wkr
Dghwede;cdc-cbm
Dhaiso;bnt-kka
Dhalandji;aus-psw
Dhangu;aus-yol
Dharug;aus-yuk
Dhatki;raj
Dhimal;sit-dhi
Dhivehi;dv
Dhodia;inc-bhi
Dhofari Arabic;sem-arb
Dhudhuroa;aus-pam
Dhundhari;raj
Dhungaloo;aus-pam
Dhurga;aus-yuk
Dhuwal;aus-yol
Dhuwaya;aus-yol
Dia;qfa-tor
Dibabawon Manobo;mno
Dibiyaso;ngf
Dibo;alv-ngb
Dicamay Agta;phi
Didinga;sdv
Dieri;aus-kar
Digo;bnt-mij
Dii;alv-dur
Dijim-Bwilim;alv-wjk
Dilling;nub-hil
Dimasa;tbq-bdg
Dimbong;bnt-baf
Dineor;paa-tkw
Ding;bnt-bdz
Dinka;sdv-dnu
Diodio;poz-ocw
Dirasha;cus-eas
Diri;cdc-wst
Dirim;nic-dak
Disa;csu-bgr
Ditidaht;wak
Diuxi-Tilantongo Mixtec;omq-mxt
Dixon Reef;poz-vnc
Dizin;omv-diz
Djadjawurrung;aus-pam
Djambarrpuyngu;aus-yol
Djangun;aus-pmn
Djauan;aus-gun
Djawi;aus-nyu
Djimini;alv-tdj
Djinang;aus-yol
Djinba;aus-yol
Djiwarli;aus-psw
Dobel;poz
Dobu;poz-ocw
Doe;bnt-ruv
Doga;poz-ocw
Doghoro;ngf
Dogosé;nic-gur
Dogri;him
Dogrib;ath-nor
Dogul Dom;nic-npd
Doka;nic-plc
Doko-Uyanga;nic-ucr
Dolgan;trk-nsb
Dom;ngf
Domaaki;inc-wes
Domari;inc-cen
Dominican Sign Language;sgn
Dompo;alv-gng
Domu;ngf
Domung;ngf-fin
Dondo;poz-tot
Dong;nic-dak
Dongo;nic-mbc
Dongolawi;nub
Dongxiang;xgn-shr
Donno So Dogon;nic-dge
Doondo;bnt-kng
Dori'o;poz-sls
Dorig;poz-vnn
Dorze;omv-nom
Doso;paa
Doteli;inc-pah
Doura;poz-ocw
Doutai;paa-lkp
Doyayo;alv-dur
Drehu;poz-cln
Drung;sit-nng
Duala;bnt-saw
Duano;poz-mly
Duau;poz-ocw
Dubu;paa-pau
Dugun;alv-dur
Duguri;nic-jrw
Dugwor;cdc-cbm
Duhwa;cdc-wst
Dulbu;nic-jrn
Duli;alv-ada
Duma;bnt-nze
Dumbea;poz-cln
Dumi;sit-kiw
Dumpas;poz-san
Dumun;ngf-mad
Duna;paa
Dungan;zhx-man
Dungra Bhil;inc-bhi
Dungu;nic-kau
Dupaningan Agta;phi
Dura;sit-gma
Duri;poz-ssw
Duriankere;ngf-sbh
Duruwa;dra-pgd
Dusner;poz-hce
Dusun Deyah;poz-bre
Dusun Malang;poz-bre
Dusun Witu;poz-bre
Dutch Sign Language;sgn
Dutch;nl
Duun;dmn-smg
Duupa;alv-dur
Duvle;paa-lkp
Duwai;cdc-wst
Duwet;poz-ocw
Dwang;alv-gng
Dyaabugay;aus-pmn
Dyaberdyaber;aus-nyu
Dyan;nic-gur
Dyangadi;aus-cww
Dyirbal;aus-dyb
Dyugun;aus-nyu
Dyula;dmn-man
Dzala;sit-ebo
Dzando;bnt-bun
Dzodinka;nic-nka
Dzongkha;dz
Dzuun;dmn-smg
E;qfa-mix
East Damar;poz-cet
East Franconian;gmw-hgm
East Futuna;poz-pnp
East Makian;poz-hce
East Masela;poz-tim
East Nyala;bnt-msl
East Yugur;xgn-sou
Eastern Acipa;nic-kmk
Eastern Arrernte;aus-pam
Eastern Bolivian Guaraní;tup-gua
Eastern Bontoc;phi
Eastern Bru;mkh-kat
Eastern Canadian Inuktitut;esx-inu
Eastern Cham;cmc
Eastern Durango Nahuatl;azc-dur
Eastern Gorkha Tamang;sit-tam
Eastern Gurung;sit-tam
Eastern Highland Chatino;omq-cha
Eastern Highland Otomi;oto-otm
Eastern Huasteca Nahuatl;azc-hua
Eastern Katu;mkh-kat
Eastern Kayah;kar
Eastern Keres;nai-ker
Eastern Lawa;mkh-pal
Eastern Magar;sit-gma
Eastern Maninkakan;dmn-mnk
Eastern Mari;chm
Eastern Meohang;sit-kie
Eastern Min;zhx-com
Eastern Mnong;mkh-ban
Eastern Ngad'a;poz-cet
Eastern Ojibwa;alg
Eastern Parbate Kham;sit-kha
Eastern Penan;poz-swa
Eastern Pomo;nai-pom
Eastern Pwo;kar
Eastern Subanun;phi
Eastern Tamang;sit-tam
Eastern Tawbuid;phi
Eastern Xwla Gbe;alv-pph
Ebira;alv-nup
Eblaite;sem-eas
Ebrié;alv-ptn
Ebughu;nic-lcr
Ecuadorian Sign Language;sgn
Ede Cabe;alv-ede
Ede Ica;alv-ede
Ede Idaca;alv-ede
Ede Ije;alv-ede
Ede Nago;alv-ede
Edera Awyu;ngf
Edo;alv-eeo
Edolo;ngf
Edomite;sem-can
Edopi;paa-lkp
Efai;nic-ief
Efe;csu-mle
Efik;nic-ief
Efutop;nic-eko
Ega;alv
Eggon;nic-pls
Egyptian Arabic;sem-arb
Egyptian;egx
Ehueun;alv-nwd
Eipomek;ngf
Eitiep;qfa-tor
Ejagham;nic-eko
Ejamat;alv-jfe
Ekajuk;nic-eko
Ekari;ngf
Ekele;bnt-ske
Eki;nic-ief
Ekit;nic-ief
Ekpeye;alv-igb
El Alto Zapotec;omq-zap
El Hugeirat;nub-hil
El Molo;cus-eas
Elamite;qfa-iso
Eleme;nic-ogo
Elepi;qfa-tor
Elfdalian;gmq-eas
Elip;nic-ymb
Elkei;qfa-tor
Elotepec Zapotec;omq-zap
Eloyi;nic-plt
Elu;poz-aay
Elymian;ine
Emae;poz-pnp
Emai;alv-eeo
Eman;nic-tvc
Embaloh;poz
Emberá-Baudó;sai-chc
Emberá-Catío;sai-chc
Emberá-Chamí;sai-chc
Emberá-Tadó;sai-chc
Embu;bnt-kka
Emerillon;tup-gua
Emilian;roa-emr
Emplawas;poz-tim
En;qfa-buy
Enawené-Nawé;awd
Ende;poz-cet
Enga;paa-eng
Engenni;alv-dlt
Enggano;poz
English;en
Enlhet;sai-mas
Enwan;alv-yek
Enwang;nic-lcr
Enxet;sai-mas
Enya;bnt-mbe
Eotile;alv-ptn
Epena;sai-chc
Epie;alv-dlt
Epigraphic Mayan;myn
Eravallan;dra-tam
Ere;poz-aay
Eritai;paa-lkp
Erokwanas;poz-hce
Erre;qfa-iso
Erromintxela;qfa-mix
Ersu;sit-ers
Eruwa;alv-swd
Erzya;urj-mdv
Esan;alv-eeo
Ese Ejja;sai-tac
Ese;ngf
Eshtehardi;xme-ttc
Esimbi;nic-bds
Eskayan;art
Esperanto;eo
Esselen;qfa-iso
Estado de México Otomi;oto-otm
Estonian Sign Language;sgn
Estonian;et
Esuma;alv-kwa
Etchemin;alg-eas
Etebi;nic-ief
Eten;nic-beo
Etkywan;nic-jkn
Eton (Cameroon);bnt-btb
Eton (Vanuatu);poz-vnc
Etruscan;qfa-tyn
Etulo;alv-ido
Evant;nic-tvc
Even;tuw-ewe
Evenki;tuw-ewe
Ewe;ee
Ewondo;bnt-btb
Extremaduran;roa-asl
Eyak;xnd
Ezaa;alv-igb
Fagani;poz-sls
Faire Atta;phi
Faita;ngf-mad
Faiwol;ngf-okk
Fakkanci;nic-knn
Fala;roa-gap
Falam Chin;tbq-kuk
Fali;cdc-cbm
Faliscan;itc-laf
Fam;nic-mmb
Fanagalo;crp
Fanamaket;poz-oce
Fang (Bantu);bnt-btb
Fang (Beboid);nic-beb
Fania;alv-bua
Farefare;nic-mre
Faroese;fo
Fas;paa
Fasu;paa-kut
Fataleka;poz-sls
Fataluku;qfa-tap
Fayu;paa-lkp
Fe'fe';bai
Fedan;poz-ocw
Fembe;ngf
Fer;csu-bgr
Feroge;nic-ser
Fiji Hindi;inc-hie
Fijian;fj
Filomena Mata-Coahuitlán Totonac;nai-ttn
Finisterre Yau;ngf-fin
Finnish-Swedish Sign Language;sgn
Finnish Sign Language;sgn
Finnish;fi
Finongan;ngf-fin
Fipa;bnt-mwi
Firan;nic-plc
Fiwaga;paa-kut
Flinders Island;aus-pmn
Foau;paa-lkp
Foi;paa-kut
Foia Foia;ngf
Folopa;paa
Foma;bnt-ske
Fon;alv-gbe
Fongoro;csu
Foodo;alv-gng
Forak;ngf-fin
Fordata;poz
Fore;paa-kag
Forest Enets;syd
Fortsenal;poz-vnn
Fox;alg-sfk
Francisco León Zoque;nai-miz
Franco-Provençal;roa-grh
French Sign Language;sgn-fsl
French;fr
Friulian;roa-rhe
Fula;ff
Fuliiru;bnt-shh
Fulniô;qfa-iso
Fum;nic-nka
Fungwa;nic-shi
Fur;ssa-fur
Furu;csu-bkr
Futuna-Aniwa;poz-pnp
Fuyug;ngf
Fwâi;poz-cln
Fwe;bnt-bot
Fyam;nic-ple
Fyer;cdc-wst
Ga'anda;cdc-cbm
Ga'dang;phi
Ga;alv-gda
Gaam;sdv-eje
Gabadi;poz-ocw
Gabi;aus-pam
Gabri;cdc-est
Gabrielino-Fernandeño;azc-tak
Gadang;cdc-est
Gaddang;phi
Gaddi;him
Gade;alv-nup
Gadjerawang;aus-jar
Gadsup;paa-kag
Gafat;sem-eth
Gagadu;aus-arn
Gagauz;trk-ogz
Gagnoa Bété;kro-bet
Gahri;sit-whm
Gaikundi;paa-spk
Gaina;ngf
Gal;ngf-mad
Galambu;cdc-wst
Galatian;cel
Galela;paa-nha
Galeya;poz-ocw
Galice;ath-pco
Galician;gl
Galindian;bat
Gallurese;roa-itr
Galo;sit-tan
Galoli;poz-tim
Gamale Kham;sit-kha
Gambera;aus-wor
Gamilaraay;aus-cww
Gamit;inc-bhi
Gamkonora;paa-nha
Gamo-Ningi;nic-jer
Gamo;omv-nom
Gan;zhx
Gana;poz-san
Ganang;nic-plc
Gandhari;inc-mid
Gane;poz-hce
Ganggalida;aus-tnk
Ganglau;ngf-mad
Gants;ngf-mad
Ganza;omv-mao
Ganzi;nic-nkb
Gao;poz-ocw
Gapapaiwa;poz-ocw
Garawa;aus-gar
Garhwali;inc-pah
Garifuna;awd-taa
Garo;tbq-bdg
Garre;cus-som
Garus;ngf-mad
Gavak;ngf-mad
Gavião do Jiparaná;tup
Gawar-Bati;inc-kun
Gawwada;cus-eas
Gaya;qfa-kor
Gayil;omv-aro
Gayo;poz-nws
Gbagyi;alv-ngb
Gban;dmn-nbe
Gbanu;gba-eas
Gbanziri;nic-nkg
Gbari;alv-ngb
Gbaya-Bossangoa;gba-wes
Gbaya-Bozoum;gba-wes
Gbaya-Mbodomo;gba-eas
Gbayi;nic-ngd
Gbesi Gbe;alv-pph
Gbii;kro-wkr
Gbin;dmn-mse
Gbiri-Niragu;nic-kau
Gboloo Grebo;kro-grb
Gciriku;bnt-kav
Gcwi;khi-kal
Ge'ez;sem-eth
Ge;hmn
Geba Karen;kar
Gebe;poz-hce
Gedaged;poz-ocw
Gedeo;cus-hec
Geji;cdc-wst
Gela;poz-sls
Gele';poz-aay
Geme;znd
Gen;alv-gbe
Gende;paa-kag
Gengle;alv-mye
Georgian;ka
Gera;cdc-wst
Gerka;cdc-wst
German Sign Language;sgn-gsl
German;de
Geruma;cdc-wst
Geser-Gorom;poz-cma
Gey;alv-sav
Ghadames;ber
Ghanaian Sign Language;sgn
Ghanongga;poz-ocw
Ghari;poz-sls
Ghayavi;poz-ocw
Ghomala';bai
Ghomara;ber
Ghulfan;nub-hil
Giangan;phi
Gibanawa;crp
Gidar;cdc-cbm
Gikyode;alv-gng
Gilaki;ira-csp
Gilbertese;poz-mic
Gilima;nic-nkm
Gimi (Goroka);paa
Gimnime;alv-dur
Girawa;ngf-mad
Giryama;bnt-mij
Githabul;aus-pam
Gitua;poz-ocw
Gitxsan;nai-tsi
Glavda;cdc-cbm
Glosa;art
Goaria;raj
Gobasi;ngf
Godoberi;cau-and
Godwari;raj
Goemai;cdc-wst
Gofa;omv-nom
Gogo;bnt-ruv
Gogodala;paa-pag
Goguryeo;qfa-kor
Gojri;raj
Gokana;nic-ogo
Gola;alv
Golin;ngf
Golpa;aus-yol
Gondi;dra-gon
Gone Dau;poz-pcc
Gong;tbq-lob
Gonja;alv-gng
Goo;dmn
Gooniyandi;aus-bub
Gor;csu-sar
Gorakor;poz-ocw
Gorap;crp
Gorontalo;phi
Gorovu;paa
Gothic;gme
Gourmanchéma;nic-grm
Gowro;inc-koh
Gozarkhani;xme-ttc
Grangali;inc-kun
Grass Koiari;ngf
Grebo;kro-grb
Greek;el
Green Hmong;hmn
Greenlandic;kl
Grenadian Creole English;crp
Gresi;paa-nim
Gros Ventre;alg-ara
Guébie;kro-did
Gua;alv-gng
Guahibo;sai-guh
Guajá;tup
Guajajára;tup-gua
Guambiano;sai-bar
Guanano;sai-tuc
Guaraní;gn
Guarayu;tup-gua
Guató;qfa-iso
Guatemalan Sign Language;sgn
Guayabero;sai-guh
Gude;cdc-cbm
Gudu;cdc-cbm
Guduf-Gava;cdc-cbm
Guerrero Amuzgo;omq
Guerrero Nahuatl;azc-nah
Guevea de Humboldt Zapotec;omq-zap
Gugadj;aus-pmn
Gugu Badhun;aus-pam
Guhu-Samane;ngf
Guianese Creole;crp
Guiberoua Bété;kro-bet
Guinea-Bissau Creole;crp
Guinea Kpelle;dmn-msw
Guinean Sign Language;sgn
Gujarati;gu
Gula'alaa;poz-sls
Gulay;csu-sar
Gulf Arabic;sem-arb
Gullah;crp
Gumalu;ngf-mad
Gumatj;aus-yol
Gumawana;poz-ocw
Gumuz;ssa
Gun;alv-gbe
Gundi;nic-nkb
Gungabula;aus-pam
Gungu;bnt-glb
Gunu;nic-ymb
Gunwinggu;aus-gun
Gunya;aus-pam
Gupa-Abawa;alv-ngb
Gupapuyngu;aus-yol
Gur Lama;nic-gne
Guragone;aus-arn
Guramalum;poz-ocw
Gurani;ira-zgr
Gurgula;raj
Guriaso;paa-kwm
Gurindji Kriol;qfa-mix
Gurindji;aus-pam
Gurmana;nic-shi
Guro;dmn-mda
Guruntum;cdc-wst
Gusan;ngf-fin
Gusii;bnt-lok
Gusilay;alv-jol
Guugu Yimidhirr;aus-pam
Guwamu;aus-pam
Guya;ngf-fin
Guyanese Creole English;crp
Guyani;aus-pam
Gvoko;cdc-cbm
Gwa;nic-jrn
Gwahatike;ngf-fin
Gwamhi-Wuri;nic-knn
Gwandara;cdc-wst
Gweda;poz-ocw
Gweno;bnt-chg
Gwere;bnt-nyg
Gwich'in;ath-nor
Gyele;bnt-mnj
Gyem;nic-jer
Hértevin;sem-nna
Hän;ath-nor
Habu;poz-cet
Hadiyya;cus-hec
Hadothi;raj
Hadrami;sem-osa
Hadza;qfa-iso
Haeke;poz-cln
Hahon;poz-ocw
Haiǁom;khi-khk
Haida;qfa-iso
Haigwai;poz-ocw
Hainanese;zhx-nan
Hainyaxo Bozo;dmn-snb
Haisla;wak
Haitian Creole;ht
Haitian Vodoun Culture Language;crp
Hajong;qfa-mix
Hakö;poz-ocw
Hakka;zhx
Halang;mkh
Halbi;inc-hal
Halia;poz-ocw
Halkomelem;sal
Hamba;bnt-tet
Hamer-Banna;omv-aro
Hamtai;ngf
Hanga Hundi;paa-spk
Hanga;nic-dag
Hani;tbq-han
Hanoi Sign Language;sgn
Hanunoo;phi
Harari;sem-eth
Harijan Kinnauri;him
Haroi;cmc
Harsusi;sem-sar
Haryanvi;inc-hiw
Harzani;xme-ttc
Hassaniya Arabic;sem-arb
Hattic;qfa-iso
Hausa Sign Language;sgn
Hausa;ha
Havasupai-Walapai-Yavapai;nai-yuc
Haveke;poz-cln
Havu;bnt-shh
Hawai'i Pidgin Sign Language;sgn
Hawaiian Creole;crp
Hawaiian;poz-pep
Haya;bnt-haj
Hdi;cdc-cbm
Hebrew;he
Hehe;bnt-bki
Heiltsuk;wak
Helong;poz-tim
Hema;bnt-nyg
Herero;hz
Hermit;poz-aay
Hernican;itc-sbl
Heyo;qfa-tor
Hidatsa;sio-mor
Higaonon;mno
Highland Oaxaca Chontal;nai-tqn
Highland Popoluca;nai-miz
Highland Puebla Nahuatl;azc-nah
Highland Totonac;nai-ttn
Hijazi Arabic;sem-arb
Hiligaynon;phi
Hill Maria;dra-mdy
Hindi;hi
Hinukh;cau-wts
Hiri Motu;ho
Hittite;ine-ana
Hitu;poz-cma
Hiw;poz-vnn
Hixkaryana;sai-prk
Hlai;qfa-lic
Hmar;tbq-kuk
Hmwaveke;poz-cln
Ho Chi Minh City Sign Language;sgn
Ho;mun
Hoava;poz-ocw
Hobyót;sem-sar
Holikachuk;ath-nor
Holma;cdc-cbm
Holoholo;bnt-tkm
Holu;bnt-pen
Homa;bnt-boa
Honduran Lenca;nai-len
Honduras Sign Language;sgn
Hone;nic-jkn
Hopi;azc
Horom;nic-ple
Hote;poz-ocw
Hoti;poz-cma
Hoyahoya;ngf
Hpon;tbq-brm
Hrê;mkh-nbn
Huachipaeri;sai-har
Huambisa;sai-jiv
Huaorani;qfa-iso
Huarijio;azc-trc
Huaulu;poz-cma
Huautla Mazatec;omq-maz
Huave;qfa-iso
Huaxcaleca Nahuatl;azc-nah
Huichol;azc
Huilliche;sai-ara
Huitepec Mixtec;omq-mxt
Huizhou;zhx
Hukumina;poz-cma
Hula;poz-ocw
Hulaulá;sem-nna
Huli;paa-eng
Humene;ngf
Hun;nic-knn
Hunde;bnt-shh
Hungarian Sign Language;sgn
Hungarian;hu
Hungworo;nic-kmk
Hunsrik;gmw-hgm
Hunzib;cau-ets
Hupa;ath-pco
Hupdë;sai-nad
Hurrian;qfa-hur
Hutterisch;gmw-hgm
Hwana;cdc-cbm
Hya;cdc-cbm
Hyam;nic-plc
Iñapari;awd
Iaai;poz-cln
Iamalele;poz-ocw
Ibaloi;phi
Iban;poz-mly
Ibanag;phi
Ibatan;phi
Iberian;qfa-iso
Ibibio;nic-ief
Ibino;nic-lcr
Iboko;bnt-ngn
Icelandic Sign Language;sgn
Icelandic;is
Iceve-Maci;nic-tvc
Ida'an;poz-san
Idaté;poz-tim
Idesa;alv-swd
Idi;paa
Ido;io
Idoma;alv-ido
Idu;sit-gsi
Idun;nic-plc
Ifè;alv-ede
Ifo;poz-vns
Igala;alv-yrd
Igana;paa
Igbo;ig
Igede;alv-ido
Ignaciano;awd
Igo;alv-ktg
Iguta;nic-jer
Igwe;alv-yek
Ihievbe;alv-eeo
Ija-Zuba;nic-pls
Ik;ssa-klk
Ikizu;bnt-lok
Iko;nic-lcr
Ikobi-Mena;ngf
Ikoma;bnt-lok
Ikpeng;sai-pek
Ikpeshi;alv-yek
Ikposo;alv-ktg
Ikulu;nic-plc
Ikwo;alv-igb
Ila;bnt-bot
Ilgar;aus-wdj
Ili Turki;trk-kar
Ilianen Manobo;mno
Illyrian;ine
Ilocano;phi
Ilongot;phi
Ilue;nic-lcr
Inabaknon;poz-sbj
Inapang;paa
Inari Sami;smi
Indo-Portuguese;crp
Indonesian Bajau;poz
Indonesian Sign Language;sgn
Indonesian;id
Indus Kohistani;inc-koh
Ineseño;nai-chu
Inga;qwe
Ingrian;urj-fin
Ingush;cau-vay
Inonhan;phi
Inor;sem-eth
Interlingua;ia
Interlingue;ie
Interslavic;art
Intha;tbq-brm
Inuit Sign Language;sgn
Inuktitut;iu
Inupiak;ik
Inuvialuktun;esx-inu
Ipalapa Amuzgo;omq
Ipulo;nic-tvc
Iquito;sai-zap
Iranun;phi
Iraqi Arabic;sem-arb
Iraqw;cus-sou
Irarutu;poz-cet
Iraya;phi
Iresim;poz-hce
Iriga Bicolano;phi
Irish Sign Language;sgn
Irish;ga
Irula;dra-imd
Isan;tai-swe
Isanzu;bnt-tkm
Isarog Agta;phi
Isconahua;sai-pan
Ishkashimi;ira-sgi
Isinai;phi
Islander Creole English;crp
Isnag;phi
Isoko;alv-swd
Israeli Sign Language;sgn
Isthmus Mixe;nai-miz
Isthmus Zapotec;omq-zpc
Istriot;roa-dal
Istro-Romanian;roa-eas
Isu;nic-rnw
Isubu;bnt-saw
Italian Sign Language;sgn
Italian;it
Itawit;phi
Itelmen;qfa-cka
Itene;sai-cpc
Ito;nic-ief
Itsekiri;alv-edk
Itu Mbon Uzo;nic-ief
Itundujia Mixtec;omq-mxt
Itza';myn
Iu Mien;hmx-mie
Ivatan;phi
Iwaidja;aus-wdj
Iwal;poz-ocw
Ixcatlán Mazatec;omq-maz
Ixil;myn
Ixtayutla Mixtec;omq-mxt
Ixtenco Otomi;oto-otm
Iyayu;alv-nwd
Iyive;nic-tvc
Iyo'wujwa Chorote;sai-mtc
Iyo;ngf-fin
Iyojwa'ja Chorote;sai-mtc
Izere;nic-plc
Izi;alv-igb
Izon;ijo
Izora;nic-jer
Júma;tup-gua
Jabem;poz-ocw
Jabutí;sai-mje
Jah Hut;mkh-asl
Jahanka;dmn-wmn
Jair Awyu;ngf
Jakaltek;myn
Jakati;inc-pan
Jalapa de Díaz Mazatec;omq-maz
Jalkunan;dmn-jje
Jamaican Country Sign Language;sgn
Jamaican Creole;crp
Jamaican Sign Language;sgn
Jamamadí;auf
Jambi Malay;poz-mly
Jamiltepec Mixtec;omq-mxt
Jaminjung;aus-mir
Jamsay;nic-pld
Jandavra;inc-wes
Janday;aus-pam
Jangshung;sit-kin
Japanese Sign Language;sgn-jsl
Japanese;ja
Japrería;sai-yuk
Jaqaru;sai-aym
Jara;cdc
Jarai;cmc
Jarawa;qfa-ong
Jaru;aus-pam
Jassic;xsc-sar
Jaunsari;him
Javanese;jv
Javindo;crp
Jawe;poz-cln
Jaya;csu-bgr
Jeh;mkh-ban
Jeju;qfa-kor
Jemez;nai-kta
Jenaama Bozo;dmn-snb
Jeng;mkh-ban
Jennu Kurumba;dra-kan
Jeri Kuo;dmn-jje
Jeru;qfa-adn
Jibu;nic-jkn
Jicarilla;apa
Jiiddu;cus-som
Jimi;cdc-wst
Jimjimen;cdc-cbm
Jin;zhx
Jingpho;sit-jnp
Jita;bnt-haj
Jju;nic-plc
Jola-Fonyi;alv-jol
Jola-Kasa;alv-jol
Jorá;tup-gua
Jordanian Sign Language;sgn
Jowulu;dmn-mnw
Juǀ'hoan;khi-kxa
Juang;mun
Juba Arabic;crp
Judeo-Italian;roa-itd
Judeo-Persian;ira-swi
Judeo-Tat;ira-swi
Jukun Takum;nic-jkn
Jumjum;sdv
Jungle Inga;qwe
Jur Modo;csu-bbk
Jurúna;tup
Jurchen;tuw-jrc
Jutish;gmq-eas
Juwal;qfa-tor
Juxtlahuaca Mixtec;omq-mxt
Jwira-Pepesa;alv-ctn
K'iche';myn
Kâte;ngf
Kaang Chin;tbq-kuk
Kabardian;cau-cir
Kabatei;xme-ttc
Kabba-Laka;csu-sar
Kabiyé;nic-gne
Kabore One;qfa-tor
Kabras;bnt-msl
Kabuverdianu;crp
Kabwa;bnt-lok
Kabyle;ber
Kachchi;inc-snd
Kadai;poz-cma
Kadara;nic-plc
Kadaru;nub-hil
Kadiwéu;sai-guc
Kadu (Myanmar);sit-luu
Kadugli;qfa-kad
Kaera;ngf
Kafa;omv-gon
Kagate;sit-kyk
Kagayanen;mno
Kagulu;bnt-ruv
Kahe;bnt-chg
Kahua;poz-sls
Kaidipang;phi
Kaiep;poz-ocw
Kaiku;bnt-kbi
Kaimbulawa;poz-mun
Kaingang;sai-sje
Kairak;paa-bng
Kairiru;poz-ocw
Kais;paa
Kaitag;cau-drg
Kaiwá;tup-gua
Kajakse;cdc-est
Kajali;xme-ttc
Kajaman;poz
Kakabai;poz-ocw
Kakabe;dmn-mok
Kaki Ae;poz-ocw
Kakihum;nic-kam
Kala Lagaw Ya;aus-pam
Kala;poz-ocw
Kalabakan;poz-san
Kalabra;paa
Kalagan;phi
Kalaktang Monpa;sit-tsk
Kalami;inc-koh
Kalanga;bnt-sho
Kalarko;aus-pam
Kalasha;inc-chi
Kalenjin;sdv-nma
Kalinago;awd-taa
Kalkatungu;aus-pam
Kalkoti;inc-shn
Kallawaya;qfa-mix
Kalmyk;xgn-cen
Kalo Finnish Romani;inc-rom
Kalou;paa-spk
Kaluli;ngf
Kamakan;sai-mje
Kamang;ngf
Kamano;paa-kag
Kamarian;poz-cma
Kamasau;qfa-tor
Kamassian;syd
Kamayurá;tup-gua
Kamba;bnt-kka
Kambaata;cus-hec
Kambera;poz-cet
Kamberataro;paa
Kami;alv-ngb
Kamkata-viri;nur-nor
Kamta;inc-krd
Kanakanabu;map
Kanakuru;cdc-wst
Kanamari;sai-ktk
Kandas;poz-ocw
Kandawo;ngf
Kande;bnt-tso
Kanga;qfa-kad
Kangean;poz-msa
Kanggape;paa
Kangjia;xgn-shr
Kango-Sua;bnt-kbi
Kango;bnt-bta
Kangri;him
Kaniet;poz-aay
Kanikkaran;dra-mal
Kaninuwa;poz-ocw
Kanjari;inc-pan
Kanju;aus-pam
Kankanaey;phi
Kannada;kn
Kannauji;inc-hiw
Kanowit;poz-bnn
Kansa;sio-dhe
Kanufi;nic-nin
Kanuri;kr
Kaonde;bnt-lub
Kap;poz-ocw
Kapampangan;phi
Kapin;poz-ocw
Kapingamarangi;poz-pnp
Kapriman;paa-spk
Kaptiau;poz-oce
Kaqchikel-K'iche' Mixed Language;qfa-mix
Kaqchikel;myn
Kara (New Guinea);poz-ocw
Karachay-Balkar;trk-kcu
Karadjeri;aus-pam
Karaim;trk-kcu
Karajá;sai-mje
Karakalpak;trk-kno
Karakhanid;trk-kar
Karamojong;sdv-ttu
Karang;alv-mbm
Karao;phi
Karata;cau-and
Karbi;tbq-kuk
Kare (Africa);alv-mbm
Kare (New Guinea);ngf-mad
Karekare;cdc-wst
Karelian;urj-fin
Kari'na;sai-gui
Kari;bnt-boa
Karingani;xme-ttc
Karipúna Creole French;crp
Karipuna;tup-gua
Kariri;sai-mje
Karitiâna;tup
Kariyarra;aus-nga
Karkar-Yuri;paa-pau
Karkin;nai-you
Karnai;poz-ocw
Karo Batak;btk
Karok;qfa-iso
Kasanga;alv-nyn
Kasem;nic-gnn
Kashaya;nai-pom
Kashmiri;ks
Kashubian;zlw-pom
Kaska;ath-nor
Kaskihá;sai-mas
Kassonke;dmn-wmn
Kato;ath-pco
Katukina;sai-pan
Kaure;paa
Kaurna;aus-psw
Kavalan;map
Kavet;sai-ktk
Kawésqar;aqa
Kawaiisu;azc-num
Kaxararí;sai-pan
Kaxuyana;sai-prk
Kayabí;tup-gua
Kayan;kar
Kayapó;sai-nje
Kayapa Kallahan;phi
Kayardild;aus-tnk
Kayeli;poz-cma
Kayort;inc-krd
Kaytetye;aus-rnd
Kazakh;kk
Keapara;poz-ocw
Kedah Malay;poz-mly
Kedang;poz
Keiga;qfa-kad
Kein;ngf-mad
Keiyo;sdv-nma
Kela-Yela;bnt-mon
Kelabit;poz-swa
Keley-I Kallahan;phi
Kemak;poz-tim
Kemberano;ngf-sbh
Kemezung;nic-bbe
Kemi Sami;smi
Kenati;paa-kag
Kendayan;poz-mly
Kendem;nic-mam
Keningau Murut;poz-san
Keninjal;poz-mly
Kenswei Nsei;nic-rnn
Kenyang;nic-mam
Kepkiriwát;tup
Kera;cdc-est
Kereho;poz
Kerek;qfa-ckn
Kerinci;poz-mly
Kesawai;ngf-mad
Ket;qfa-yno
Kewa;paa-eng
Kgalagadi;bnt-sts
Khün;tai-swe
Khakas;trk-ssb
Khalaj;trk
Khaling;sit-kiw
Khamnigan Mongol;xgn-cen
Khamti;tai-swe
Khana;nic-ogo
Khasi;aav-pkl
Khazar;trk-ogr
Khengkha;sit-ebo
Khetrani;inc-pan
Khiamniungan Naga;sit-kch
Khinalug;cau-nec
Khitan;qfa-xgx
Khmer;km
Khmu;mkh
Khoekhoe;khi-khk
Khoini;xme-ttc
Khonso;cus-eas
Khorasani Turkish;trk-ogz
Khorezmian Turkic;trk-kar
Khotanese;xsc-sak
Khowar;inc-chi
Khumi Chin;tbq-kuk
Khvarshi;cau-wts
Khwarezmian;ira-sbc
Khwe;khi-kal
Kibala;bnt-kmb
Kibena;bnt-bki
Kickapoo;alg-sfk
Kikai;jpx-nry
Kikami;bnt-ruv
Kikuyu;ki
Kildin Sami;smi
Kilivila;poz-ocw
Kiliwa;nai-yuc
Kim Mun;hmx-mie
Kimaragang;poz-san
Kimbundu;bnt-kmb
Kinabalian;phi
Kinaray-a;phi
Kinga;bnt-bki
Kinikinao;awd
Kinnauri;sit-kin
Kinyarwanda;rw
Kiong;nic-ucr
Kiowa;nai-kta
Kipchak;trk-kip
Kipfokomo;bnt-sab
Kiput;poz-swa
Kir-Balar;cdc-wst
Kire;paa
Kirfi;cdc-wst
Kirundi;rn
Kirya-Konzel;cdc-cbm
Kis;poz-ocw
Kisa;bnt-msl
Kisan;dra-kml
Kisar;poz
Kistane;sem-eth
Kitembo;bnt-shh
Kitja;aus-jar
Kitsai;cdd
Kituba;crp
Kla;dmn-mda
Klallam;sal
Klamath-Modoc;nai-plp
Klingon;art
Knaanic;zlw
Ko;alv-hei
Koasati;nai-mus
Kobon;ngf-mad
Koda;mun
Kodava;dra-kod
Kodi;poz-cet
Kofei;paa-egb
Kofyar;cdc-wst
Kohistani Shina;inc-shn
Koho;mkh-ban
Kohumono;nic-ucn
Koibal;syd
Kok-Nar;aus-pmn
Kok-Paponk;aus-pmn
Kokborok;tbq-bdg
Koko-Bera;aus-pmn
Kokola;bnt-mak
Kokota;poz-ocw
Kol (Cameroon);bnt-mka
Kolami;dra-knk
Kolhe;mun
Kolibugan Subanon;phi
Kolom;ngf-mad
Koluwawa;poz-ocw
Kom (Cameroon);nic-rnc
Kombio;qfa-tor
Komering;poz-lgx
Komi-Permyak;urj-prm
Komi-Zyrian;kv
Komi-Zyrian;urj-prm
Kominimung;paa
Komo;ssa-kom
Komodo;poz-cet
Komyandaret;ngf-okk
Konabéré;dmn-snb
Konda-Dora;dra-kki
Konda;ngf-sbh
Kondekor;dra-pgd
Kongo;kg
Konkani;inc-sou
Konkomba;nic-grm
Kono (Guinea);dmn-msw
Kono (Nigeria);nic-kau
Konomala;poz-ocw
Konongo;bnt-tkm
Konyak Naga;sit-kch
Koonzime;bnt-ndb
Koorete;omv-eom
Kopkaka;ngf-okk
Korana;khi-khk
Korean;ko
Koreguaje;sai-tuc
Koresh-e Rostam;xme-ttc
Korku;mun
Korlai Creole Portuguese;crp
Koro (Vanuatu);poz-vnn
Koro (West Africa);dmn-mnk
Koromfé;nic-gur
Koronadal Blaan;phi
Korop;nic-ucr
Koroshi;ira-nwi
Korra Koraga;dra-kor
Koryak;qfa-ckn
Kosena;ngf
Koshin;nic-beb
Kosraean;poz-mic
Kota (Gabon);bnt-kel
Kota (India);dra-tkt
Kota Marudu Talantang;poz-san
Kotava;art
Koti;bnt-mak
Kott;qfa-yso
Kou;ngf-mad
Kove;poz-ocw
Kowiai;poz
Koya;dra-gon
Koyo;bnt-mbo
Koyra Chiini;son
Koyraboro Senni;son
Koyukon;ath-nor
Kpala;nic-nkk
Kpan;nic-jkn
Kpasam;alv-mye
Kpati;nic-nge
Kpelle;dmn-msw
Kraol;mkh-ban
Krevinian;urj-fin
Krio;crp
Krisa;paa-msk
Kristang;crp
Krobu;alv-ptn
Krongo;qfa-kad
Krymchak;trk-kcu
Kryts;cau-ssm
Kubi;cdc-wst
Kudmali;inc-bih
Kugbo;nic-cde
Kugu-Muminh;aus-pmn
Kui (India);dra-kki
Kuikúro;sai-kui
Kuk;nic-rnc
Kukele;nic-ucn
Kukna;inc-eas
Kuku-Mangk;aus-pam
Kuku-Thaypan;aus-pmn
Kuku-Yalanji;aus-pam
Kulisusu;poz-btk
Kullu Pahari;him
Kulon-Pazeh;map
Kulon;map
Kumak;poz-cln
Kumalu;poz-ocw
Kuman;ngf
Kumaoni;inc-pah
Kumarbhag Paharia;dra-mlo
Kumhali;inc-eas
Kumu;bnt-kbi
Kumyk;trk-kcu
Kumzari;ira-swi
Kuna;cba
Kunbarlang;aus-gun
Kunda;bnt-sna
Kundal Shahi;inc-shn
Kung;nic-rnc
Kungarakany;aus-arn
Kungardutyi;aus-kar
Kuni;poz-ocw
Kunigami;jpx-nry
Kunjen;aus-pmn
Kunyi;bnt-kng
Kupang Malay;crp
Kur;poz-cma
Kuranko;dmn-mok
Kurdish;ku
Kuri;poz
Kuria;bnt-lok
Kurichiya;dra-mal
Kurnai;aus-pam
Kurrama;aus-nga
Kurtöp;sit-ebo
Kurti;poz-aay
Kurtjar;aus-pmn
Kuruáya;tup
Kurudu;poz-hce
Kurukh;dra-kml
Kusaal;nic-dag
Kusaghe;poz-ocw
Kusunda;qfa-iso
Kutang Ghale;sit-tam
Kutenai;qfa-iso
Kuturmi;nic-plc
Kuuk Thaayorre;aus-pmn
Kuuk Yak;aus-psw
Kuvale;bnt-swb
Kuvi;dra-kki
Kuwaa;kro
Kuwaataay;alv-jol
Kuy;mkh-kat
Kven;urj-fin
Kwa';bai
Kwadi;khi-kkw
Kwaio;poz-sls
Kwaja;nic-nka
Kwak'wala;wak
Kwak;nic-nka
Kwalhioqua-Tlatskanai;ath-nor
Kwamera;poz-vns
Kwamtim One;qfa-tor
Kwang;cdc-est
Kwangali;bnt-kav
Kwanja;nic-mmb
Kwanka;nic-tar
Kwanyama;kj
Kwara'ae;poz-sls
Kwasio;bnt-mnj
Kwaya;bnt-haj
Kwere;bnt-ruv
Kwini;aus-wor
Kwinti;crp
Kyak;alv-bwj
Kyenga;dmn-bbu
Kyrgyz;ky
Lü;tai-swe
Löyöp;poz-vnn
Láá Láá Bwamu;nic-bwa
Láadan;art
Laal;qfa-iso
Laalaa;alv-cng
Label;poz-ocw
Labo;poz-vnc
Laboya;poz-cet
Labu;poz-ocw
Labuk-Kinabatangan Kadazan;poz-san
Lacandon;myn
Lachiguiri Zapotec;omq-zap
Lachixío Zapotec;omq-zap
Ladakhi;sit-lab
Ladin;roa-rhe
Ladino;roa-cas
Laghu;poz-ocw
Lagwan;cdc-cbm
Lahanan;poz-bnn
Lahnda;inc-pan
Lahu;tbq-lho
Lai;tbq-kuk
Lak;cau-nec
Lakalei;poz-tim
Lake Miwok;nai-you
Laki;fa-Arab
Lakon;poz-vnn
Lakondê;sai-nmk
Lakota Dida;kro-did
Lakota;sio-dkt
Lalana Chinantec;omq-chi
Lama Bai;sit-nba
Lamaholot;poz-cet
Lamang;cdc-cbm
Lamba;bnt-sbi
Lambadi;raj
Lambichhong;sit-kie
Lame;nic-jrn
Lamenu;poz-vnc
Lamogai;poz-ocw
Lampung Api;poz-lgx
Langam;paa
Lango (Uganda);sdv-los
Lanima;aus-pam
Lao;lo
Lapaguía-Guivini Zapotec;omq-zap
Larëvat;poz-vnc
Larantuka Malay;poz-mly
Lardil;aus-tnk
Larestani;ira-swi
Larike-Wakasihu;poz-cma
Larteh;alv-gng
Laru;nic-knj
Lashi;tbq-brm
Lasi;inc-snd
Latgalian;bat-eas
Latin;la
Latundê;sai-nmk
Latvian;lv
Lau;poz-sls
Lauan;poz-pcc
Lauje;poz
Laurentian;iro-nor
Lavatbura-Lamusong;poz-ocw
Laven;mkh-ban
Lavukaleve;paa
Lawangan;poz-bre
Lawi;mkh-ban
Layakha;sit-tib
Laz;ccs-zan
Lealao Chinantec;omq-chi
Ledo Kaili;poz-kal
Legbo;nic-uce
Legenyem;poz-hce
Lehali;poz-vnn
Leipon;poz-aay
Leizhou Min;zhx-nan
Lela;nic-knn
Lelak;poz-swa
Lele (Papua New Guinea);poz-aay
Lelepa;poz-vnc
Lemerig;poz-vnn
Lemnian;qfa-tyn
Lenakel;poz-vns
Lendu;csu-lnd
Lengilu;poz-swa
Lengo;poz-sls
Lenkau;poz-aay
Lenyima;nic-uce
Lepcha;sit
Lepontic;cel
Lesing-Gelimi;poz-ocw
Letemboi;poz-vnc
Leti;poz-tim
Lewo;poz-vnc
Leyigha;nic-uce
Lezgi;cau-esm
Lhao Vo;tbq-brm
Li'o;poz
Liberia Kpelle;dmn-msw
Liberian Kreyol;crp
Libon Bikol;phi
Libyan Arabic;sem-arb
Ligurian;roa-git
Lihir;poz-ocw
Liki;poz-ocw
Likum;poz-aay
Lillooet;sal
Limassa;nic-nkb
Limbu;sit-kir
Limbum;nic-nka
Limburgish;li
Limos Kalinga;phi
Lindu;poz-kal
Lingala;ln
Lingao;qfa-onb
Lingua Franca Nova;art
Linngithigh;aus-pmn
Lipan;apa
Lipo;tbq-llo
Lisela;poz-cma
Lishana Deni;sem-nna
Lishanid Noshan;sem-nna
Lisu;tbq-lso
Literary Chinese;zhx
Lithuanian;lt
Litzlitz;poz-vnc
Livonian;urj-fin
Livvi;urj-fin
Lo-Toga;poz-vnn
Logba;alv-ntg
Logooli;bnt-lok
Lojban;art
Lokaa;nic-uce
Loko;dmn-msw
Lokono;awd-taa
Lola;poz-cet
Lolo;bnt-mak
Loloda;paa-nha
Lolopo;tbq-llo
Loma;dmn-msw
Lomaiviti;poz-pcc
Lomavren;qfa-mix
Lombard;roa-git
Lomwe;bnt-mak
Longto;alv-dur
Longuda;alv-bam
Loniu;poz-aay
Lonwolwol;poz-vnc
Lorediakarkar;poz-vnn
Lote;poz-ocw
Lotud;poz-san
Lou;poz-aay
Louisiana Creole;crp
Loun;poz-cet
Loup A;alg-eas
Loup B;alg-eas
Lovono;poz-tem
Low German;gmw-lgm
Lower Chehalis;sal
Lower Grand Valley Dani;ngf
Lower Nossob;khi-tuu
Lower Sorbian;wen
Lower Southern Aranda;aus-pam
Lower Tanana;ath-nor
Lowland Oaxaca Chontal;nai-tqn
Lowland Tarahumara;azc-trc
Loxicha Zapotec;omq-zap
Lozi;bnt-sts
Luang;poz-tim
Luba-Kasai;bnt-lub
Luba-Katanga;lu
Lubila;nic-uce
Lubuagan Kalinga;phi
Lucumí;alv-yor
Ludian;urj-fin
Lufu;nic-ykb
Luganda;lg
Luguru;bnt-ruv
Luhu;poz-cma
Luhya;bnt-msl
Luiseño;azc-cup
Lukpa;nic-gne
Lule Sami;smi
Lumba-Yakkha;sit-kie
Lun Bawang;poz-swa
Lunanakha;sit-tib
Lunda;bnt-lun
Lungga;poz-ocw
Luo;sdv-los
Lushootseed;sal
Lusi;poz-ocw
Lusitanian;ine
Lutos;csu-val
Lutuv;tbq-kuk
Luvale;bnt-clu
Luwati;inc-snd
Luwian;ine-luw
Luwo;sdv-lon
Luxembourgish;lb
Lwel;bnt-bdz
Lycian;ine-luw
Lydian;ine-ana
Mündü;nic-nke
Mòcheno;gmw-hgm
Ma'anyan;poz-bre
Ma;nic-mbc
Maaka;cdc-wst
Maasai;sdv-lma
Maay;cus-som
Maca;sai-mtc
Macaguán;sai-guh
Macaguaje;sai-tuc
Macanese;crp
Macedonian;mk
Machame;bnt-chg
Machiguenga;awd
Machinere;awd
Macuna;sai-tuc
Macushi;sai-pem
Mada (Cameroon);cdc-cbm
Mada (Nigeria);nic-nin
Madak;poz-ocw
Madhi Madhi;aus-pam
Madi;ngf-fin
Madngele;aus-dal
Madurese;poz-msa
Mafa;cdc-cbm
Mag-Anchi Ayta;phi
Mag-Indi Ayta;phi
Magɨ;ngf-mad
Magahi;inc-bih
Magdalena Peñasco Mixtec;omq-mxt
Magiyi;ngf-mad
Magori;poz-ocw
Maguindanao;phi
Mahasu Pahari;him
Mahican;alg-eas
Maia;ngf-mad
Maiadomu;poz-ocw
Maiani;ngf-mad
Maii;poz-vnc
Maindo;bnt-mak
Mairasi;paa-mai
Maithili;inc-bih
Maiwa (Indonesia);poz
Maiwa (New Guinea);ngf
Maiwala;poz-ocw
Majera;cdc-cbm
Mak (Nigeria);alv-bwj
Makah;wak
Makalero;ngf
Makasae;ngf
Makasar;poz-ssw
Makassar Malay;qfa-mix
Makayam;ngf
Makhuwa-Marrevone;bnt-mak
Makhuwa-Meetto;bnt-mak
Makhuwa-Saka;bnt-mak
Makhuwa-Shirima;bnt-mak
Makhuwa;bnt-mak
Makolkol;paa-bng
Makonde;bnt-rvm
Makuráp;tup
Mal Paharia;inc-eas
Maléku Jaíka;cba
Mala (New Guinea);ngf-mad
Malaccan Creole Malay;crp
Malagasy;mg
Malalamai;poz-ocw
Malango;poz-sls
Malasanga;poz-ocw
Malavedan;dra-mal
Malawi Lomwe;bnt-mak
Malay;ms
Malayalam;ml
Malba Birifor;nic-mre
Malecite-Passamaquoddy;alg-eas
Malfaxal;poz-vnc
Malgana;aus-psw
Mali;paa-bng
Malila;bnt-mby
Malinaltepec Tlapanec;omq
Malol;poz-ocw
Maltese;mt
Malua Bay;poz-vnc
Malvi;raj
Mam;myn
Mamaa;ngf-fin
Mamaindé;sai-nmk
Mamanwa;phi
Mamara Senoufo;alv-sma
Mamasa;poz-ssw
Mambae;poz-tim
Mambwe-Lungu;bnt-mwi
Mampruli;nic-wov
Mamuju;poz-ssw
Mamulique;nai-pak
Mamusi;poz-ocw
Manado Malay;crp
Manam;poz-ocw
Manambu;paa-spk
Manangba;sit-tam
Manangkari;aus-wdj
Manchu;tuw-jrc
Manda (Australia);aus-dal
Manda (India);dra-kki
Mandaic;sem-ase
Mandailing Batak;btk
Mandan;sio
Mandandanyi;aus-pam
Mandar;poz-ssw
Mandara;poz-ocw
Mandarin;zhx-man
Mandeali;him
Mandingo;dmn-man
Mandinka;dmn-wmn
Mandobo Atas;ngf
Mandobo Bawah;ngf
Mangarevan;poz-pep
Mangas;cdc-wst
Mangga Buang;poz-ocw
Manggarai;poz-cet
Mango;csu-sar
Mangole;poz-cma
Mangseng;poz-ocw
Manigri-Kambolé Ede Nago;alv-ede
Manipa;poz-cma
Manipuri;sit
Mannan;dra-tam
Mano;dmn-mda
Manombai;poz
Mansaka;phi
Manta;nic-mom
Manumanaw Karen;kar
Manus Koro;poz-aay
Manx;gv
Manyawa;bnt-mak
Mao Naga;tbq-anp
Maonan;qfa-kms
Maore Comorian;bnt-com
Maori;mi
Mapia;poz-mic
Mapidian;awd
Mapos Buang;poz-ocw
Mapoyo;sai-map
Mapudungun;sai-ara
Mapun;poz-sbj
Marúbo;sai-pan
Mara Chin;tbq-kuk
Maraghei;xme-ttc
Maragus;poz-vnc
Marama;bnt-msl
Maranao;phi
Maranungku;aus-dal
Marathi;mr
Marau;poz-hce
Marenje;vmw
Margany;aus-pam
Margi;cdc-cbm
Maricopa;nai-yuc
Maridan;aus-dal
Maridjabin;aus-dal
Marik;poz-ocw
Marimanindji;aus-dal
Maringarr;aus-dal
Maritsauá;tup
Mariyedi;aus-dal
Marka;dmn-wmn
Markweeta;sdv-nma
Marma;tbq-brm
Marovo;poz-ocw
Marrithiyel;aus-dal
Marrucinian;itc-sbl
Marshallese;mh
Marsian;itc-sbl
Martha's Vineyard Sign Language;sgn
Marti Ke;aus-dal
Martu Wangka;aus-pam
Martuthunira;aus-nga
Marwari;raj
Masaba;bnt-msl
Masbate Sorsogon;phi
Masbatenyo;phi
Mashco Piro;awd
Mashi;bnt-kav
Masimasi;poz-ocw
Masiwang;poz-cma
Maskelynes;poz-vnc
Massachusett;alg-eas
Matís;sai-pan
Matal;cdc-cbm
Matengo;bnt-mbi
Matigsalug Manobo;mno
Matipuhy;sai-kui
Matlatzinca;omq
Mato;poz-ocw
Mator;syd
Matsés;sai-pan
Mattole;ath-pco
Matukar;poz-ocw
Matumbi;bnt-mbi
Matya Samo;dmn-sam
Maung;aus-wdj
Mauritian Creole;crp
Mav̋ea;poz-vnn
Mawa;cdc-est
Maxakalí;sai-mje
Maya Samo;dmn-sam
Mayangna;nai-min
Mayawali;aus-pam
Maybrat;paa-wpa
Mayi-Thakurti;aus-pam
Maykulan;aus-pam
Mayo;azc-trc
Mayogo;nic-nke
Mayoyao Ifugao;phi
Mazagway;cdc-cbm
Mazaltepec Zapotec;omq-zap
Mazanderani;ira-msh
Mazatlán Mazatec;omq-maz
Mba;nic-mbc
Mbabaram;aus-pam
Mbandja;bad
Mbangi;nic-ngd
Mbangwe;bnt-kel
Mbariman-Gudhinma;aus-pmn
Mbato;alv-ptn
Mbay;csu-sar
Mbe';nic-nka
Mbe;nic-eko
Mbesa;bnt-ske
Mbo (Cameroon);bnt-mne
Mbo (Congo);bnt-nya
Mbonga;nic-jrn
Mbongno;nic-mmb
Mbu';nic-beb
Mbudum;cdc-cbm
Mbugu;qfa-mix
Mbuko;cdc-cbm
Mbula-Bwazza;nic-jrn
Mbula;poz-ocw
Mbule;nic-ymb
Mbulungish;alv-nal
Mbunda;bnt-clu
Mburku;cdc-wst
Mbuun;bnt
Mbwela;bnt-clu
Mbyá Guaraní;tup-gua
Meänkieli;urj-fin
Mecayapan Nahuatl;azc-nah
Medebur;poz-ocw
Medefaidrin;art
Media Lengua;qfa-mix
Mednyj Aleut;qfa-mix
Medumba;bai
Megleno-Romanian;roa-eas
Mehek;paa-spk
Mehináku;awd
Mehri;sem-sar
Mekéns;tup
Mekwei;paa-nim
Mele-Fila;poz-pnp
Memoni;inc-snd
Mendankwe-Nkwen;nic-nge
Mende;dmn-msw
Mengaka;bai
Mengisa;nic-mba
Menka;nic-grs
Menominee;alg
Mentawai;poz-nws
Meoswar;poz-hce
Meramera;poz-ocw
Merei;poz-vnn
Merey;cdc-cbm
Meriam;ngf
Meroitic;afa
Meru;bnt-kka
Mesaka;nic-tiv
Mesme;cdc-mas
Messapic;ine
Meta';nic-mom
Metlatónoc Mixtec;omq-mxt
Mewari;raj
Mewati;raj
Mexican Sign Language;sgn
Mezontla Popoloca;omq-pop
Mezquital Otomi;oto-otm
Mfinu;bnt-tek
Mfumte;nic-nka
Mgbo;alv-igb
Mi'kmaq;alg-eas
Miami;alg
Mian;ngf-okk
Micha;tbq-llo
Michif;qfa-mix
Michigamea;sio-msv
Michoacán Mazahua;oto
Michoacán Nahuatl;azc-nah
Mid-Southern Banda;bad-cnt
Mid Grand Valley Dani;ngf
Middle Armenian;hyx
Middle Breton;cel-brs
Middle Chinese;zhx
Middle Cornish;cel-brs
Middle Dutch;gmw-frk
Middle English;gmw-ang
Middle French;roa-oil
Middle High German;gmw-hgm
Middle Irish;cel-gae
Middle Khmer;mkh-kmr
Middle Korean;qfa-kor
Middle Low German;gmw-lgm
Middle Mongol;xgn
Middle Newar;sit-new
Middle Persian;ira-swi
Middle Watut;poz-ocw
Middle Welsh;cel-brw
Midob;nub
Migaama;cdc-est
Miju;sit-mdz
Mikasuki;nai-mus
Miluk;nai-coo
Milyan;ine-luw
Min Nan;zhx-com
Minaean;sem-osa
Minangkabau;poz-mly
Minaveha;poz-ocw
Minderico;roa-gap
Mindiri;poz-ocw
Mingrelian;ccs-zan
Minica Huitoto;sai-wit
Minidien;qfa-tor
Minigir;poz-ocw
Minjungbal;aus-pam
Mirandese;roa-asl
Miraya Bikol;phi
Miriti;sai-tuc
Miriwung;aus-jar
Misantla Totonac;nai-ttn
Miship;cdc-wst
Misima-Paneati;poz-ocw
Mising;sit-tan
Miskito;nai-min
Mitla Zapotec;omq-zpc
Mitlatongo Mixtec;omq-mxt
Mittu;csu-bbk
Mituku;bnt-mbe
Miu;poz-ocw
Mixed Great Andamanese;qfa-adn
Mixtepec Mixtec;omq-mxt
Mixtepec Zapotec;omq-zpc
Miya;cdc-wst
Miyako;jpx-sry
Miyobe;alv-sav
Mizo;tbq-kuk
Mlahsö;sem-cna
Mmaala;nic-ymb
Mmani;alv-mel
Mmen;nic-rnc
Mo'da;csu-bbk
Mo;poz-ocw
Moabite;sem-can
Moba;nic-grm
Mobilian;crp
Mobumrin Aizi;kro-aiz
Mochi;bnt-chg
Mochica;qfa-iso
Mocoví;sai-guc
Modang;poz
Mofu-Gudur;cdc-cbm
Mogholi;xgn
Mogum;cdc-est
Mohawk;iro-nor
Mohegan-Pequot;alg-eas
Moi (Congo);bnt-bmo
Mojave;nai-yuc
Mokerang;poz-aay
Mokilese;poz-mic
Mokole;alv-yor
Mokpwe;bnt-kpw
Moksha;urj-mdv
Molale;nai-plp
Molbog;poz-san
Molengue;bnt-kel
Molima;poz-ocw
Molmo One;qfa-tor
Molo;sdv-eje
Moloko;cdc-cbm
Mombo Dogon;nic-dgw
Mon;mkh-mnc
Mondé;tup
Mongo;bnt-mon
Mongol;paa
Mongolian;mn
Mongondow;phi
Mono (California);azc-num
Mono (Cameroon);alv-mbm
Mono (Congo);bad-cnt
Montagnais;alg
Montana Salish;sal
Montol;cdc-wst
Monzombo;nic-nkk
Moo;alv-bwj
Moore;nic-mre
Moose Cree;alg
Mopan Maya;myn
Mor (Austronesian);poz-hce
Morelos Nahuatl;azc-nah
Morerebi;tup
Mori Bawah;poz-btk
Moro;alv-hei
Moroccan Amazigh;ber
Moroccan Arabic;sem-arb
Morokodo;csu-bbk
Morom;csu-bgr
Moronene;poz-btk
Morouas;poz-vnn
Mortlockese;poz-mic
Mosimo;ngf-mad
Mota;poz-vnn
Motu;poz-ocw
Mouk-Aria;poz-ocw
Mount Iraya Agta;phi
Mount Iriga Agta;phi
Mouwase;ngf
Mozarabic;roa-ibe
Mpade;cdc-cbm
Mpoto;bnt-mbi
Mpotovoro;poz-vnc
Mpur;paa-wpa
Mru;sit-mru
Mạ;mkh-ban
Muak Sa-aak;mkh-pal
Mualang;poz-mly
Mubi;cdc-est
Mudburra;aus-pam
Mudu Koraga;dra-kor
Muduapa;poz-ocw
Muduga;dra-imd
Mufian;qfa-tor
Muinane;sai-bor
Mulam;qfa-kms
Mumuye;alv-mum
Muna;poz-mun
Munda;mun
Mundabli;nic-beb
Mundani;nic-mom
Mundari;mun
Mundat;cdc-wst
Mundurukú;tup
Mungaka;nic-nun
Mungbam;nic-beb
Munggui;poz-hce
Mungkip;ngf-fin
Munji;ira-mny
Munsee;del
Muong;mkh-vie
Mur Pano;poz-ocw
Muratayak;ngf-fin
Murik (New Guinea);paa-lsp
Murrinh-Patha;aus-dal
Murui Huitoto;sai-wit
Murupi;ngf-mad
Muruwari;aus-pam
Musasa;inc-eas
Musgu;cdc-cbm
Musi;poz-mly
Musom;poz-ocw
Mussau-Emira;poz-stm
Mutu;poz-ocw
Muyang;cdc-cbm
Muyuw;poz-ocw
Mvanip;nic-mmb
Mvuba;csu-mle
Mwaghavul;cdc-wst
Mwali Comorian;bnt-com
Mwan;dmn-nbe
Mwani;bnt-swh
Mwatebu;poz-ocw
Mwera;bnt-rvm
Mwerlap;poz-vnn
Mwimbi-Muthambi;bnt-kka
Mwotlap;poz-vnn
Mycenaean Greek;grk
Myene;bnt-tso
N'Ko;dmn-man
Nüpode Huitoto;sai-wit
Nùng;tai
Nǀuu;khi-tuu
Na;sit-tan
Naaba;sit-tib
Nabak;ngf
Nabi;qfa-tor
Nachering;sit-kic
Nadëb;sai-nad
Nafaanra;alv-snf
Nafri;paa-sen
Naga Pidgin;crp
Nagu;poz-tem
Nahavaq;poz-vnc
Nahuatl;azc-nah
Nai;paa-kwm
Najdi Arabic;sem-arb
Naka'ela;poz
Nakai;ngf-okk
Nakame;ngf-fin
Nakanai;poz-ocw
Nakara;aus-arn
Nake;ngf-mad
Naki;nic-bbe
Nakwi;qfa-mal
Nalögo;poz-tem
Nalca;ngf
Nalik;poz-ocw
Nalu;alv-nal
Namakura;poz-vnc
Nambikwara;sai-nmk
Nambya;bnt-sho
Namia;paa-spk
Namibian Sign Language;sgn
Namla;paa-pau
Namosi-Naitasiri-Serua;poz-pcc
Namuyi;sit-nax
Nanai;tuw-nan
Nancere;cdc-est
Nande;bnt-glb
Nandi;sdv-nma
Nanga Dama Dogon;nic-nwa
Nankina;ngf-fin
Nanti;awd
Nanticoke;alg-eas
Nanubae;paa-arf
Narak;ngf
Narango;poz-vnn
Narau;ngf
Naro;khi-kal
Narom;poz-swa
Narragansett;alg-eas
Narua;sit-nas
Narungga;aus-pam
Nasarian;poz-vnc
Nasioi;paa-sbo
Naskapi;alg
Nasu;tbq-nas
Natügu;poz-tem
Nateni;nic-grm
Naukanski;ypk
Nauna;poz-aay
Nauo;aus-pam
Nauruan;na
Navajo;nv
Navut;poz-vnn
Nawathinehena;alg-ara
Nawdm;nic-yon
Nawuri;alv-gng
Naxi;sit-nas
Ncane;nic-bbe
Nchumbulu;alv-gng
Nda'nda';bai
Ndaka;bnt-nya
Ndali;bnt-run
Ndam;cdc-est
Ndamba;bnt-kil
Ndambomo;bnt-kel
Ndasa;bnt-kel
Ndau;bnt-sho
Nde-Nsele-Nta;nic-eko
Ndemli;nic-grf
Ndendeule;bnt-mbi
Ndengereko;bnt-mbi
Nding;alv-tal
Ndjébbana;aus-arn
Ndo;csu-mle
Ndobo;bnt-ngn
Ndoe;nic-eko
Ndogo;nic-ser
Ndolo;bnt-zbi
Ndom;ngf
Ndombe;bnt-swb
Ndonga;ng
Ndoola;nic-mmb
Ndumu;bnt-mbt
Ndunda;nic-mmb
Ndunga;nic-mbc
Ndut;alv-cng
Ndyuka-Trio Pidgin;crp
Ndzwani Comorian;bnt-com
Neapolitan;roa-itr
Negerhollands;crp
Negeri Sembilan Malay;poz-mly
Negidal;tuw-ewe
Nehan;poz-ocw
Nek;ngf-fin
Nekgini;ngf-fin
Neko;ngf-fin
Nemi;poz-cln
Nend;ngf-mad
Nengone;poz-cln
Neo;art
Nepali Kurux;dra-kml
Nepali;ne
Neve'ei;poz-vnc
Neverver;poz-vnc
New Caledonian Javanese;poz
Newar;sit-new
Nez Perce;nai-shp
Ngäbere;cba
Ngaanyatjarra;aus-pam
Ngadha;poz-cet
Ngadjuri;aus-pam
Ngaing;ngf-fin
Ngaju;poz-brw
Ngala;paa-spk
Ngalakan;aus-gun
Ngalkbun;aus-gun
Ngalum;ngf-okk
Ngam;csu-sar
Ngamambo;nic-mom
Ngambay;csu-sar
Ngamini;aus-kar
Ngamo;cdc-wst
Ngan'gityemerri;aus-dal
Nganasan;syd
Ngandi;aus-arn
Ngandyera;bnt-ova
Nganyaywana;aus-cww
Ngarinyin;aus-wor
Ngarla;aus-nga
Ngarluma;aus-nga
Ngarrindjeri;aus-pam
Ngas;cdc-wst
Ngatik Men's Creole;crp
Ngawun;aus-pam
Ngazidja Comorian;bnt-com
Ngbaka Ma'bo;nic-nkm
Ngbaka Manza;gba-eas
Ngbaka;gba-eas
Ngbinda;bnt-boa
Ngbundu;bad
Ngelima;bnt-bta
Ngemba;nic-nge
Ngen of Djonkro;dmn-nbe
Ngendelengo;bnt-swb
Ngete;cdc-mas
Nggem;ngf
Nggwahyi;cdc-cbm
Ngie;nic-mom
Ngiemboon;bai
Ngindo;bnt-mbi
Ngiyambaa;aus-cww
Ngizim;cdc-wst
Ngom;bnt-kel
Ngomba;bai
Ngombale;bai
Ngongo;bnt-yak
Ngoni;bnt-ngu
Ngoreme;bnt-lok
Ngoshie;nic-mom
Nguôn;mkh-vie
Ngul;bnt-bdz
Ngulu;bnt-seu
Ngunawal;aus-yuk
Ngundi;bnt-ngn
Ngundu;bad-cnt
Ngungwel;bnt-tkc
Ngwaba;cdc-cbm
Ngwe;bai
Ngwo;nic-mom
Nhanda;aus-psw
Nheengatu;tup-gua
Nhuwala;aus-nga
Nias;poz-nws
Nicaraguan Creole;crp
Nicaraguan Sign Language;sgn
Nigeria Mambila;nic-mmb
Nigerian Pidgin;crp
Nihali;qfa-iso
Nii;ngf
Niksek;paa
Nilamba;bnt-tkm
Nimadi;raj
Nimi;ngf-fin
Ninam;sai-ynm
Nindi;bnt-mbi
Ningera;paa-brd
Ninggerum;ngf-okk
Nisenan;nai-mdu
Nisga'a;nai-tsi
Niuafo'ou;poz-ton
Niuean;poz-ton
Nivaclé;sai-mtc
Nivkh;qfa-iso
Niwer Mil;poz-oce
Njebi;bnt-nze
Njen;nic-mom
Njerep;nic-mmb
Njyem;bnt-ndb
Nkami;alv-gng
Nkangala;bnt-clu
Nkari;nic-ief
Nkem-Nkum;nic-eko
Nkongho;bnt-saw
Nkonya;alv-gng
Nkoya;bnt-lbn
Nkukoli;nic-uce
Nkutu;bnt-tet
Nnam;nic-eko
Nobiin;nub
Nobonob;paa
Nocamán;sai-pan
Nogai;trk-kno
Nokuku;poz-vnn
Nomaande;nic-mbw
Nomatsiguenga;awd
Nomlaki;nai-wtq
Nong Zhuang;tai-cen
Nonuya;sai-wit
Noon;alv-cng
Noone;nic-bbe
Nootka;wak
Nopala Chatino;omq-cha
Noric;cel
Norman;roa-oil
Norn;gmq-ins
North Ambrym;poz-vnc
North Babar;poz-tim
North Boma;bnt-bdz
North Efate;poz-vnc
North Fali;alv-fli
North Frisian;gmw-fri
North Levantine Arabic;sem-arb
North Marquesan;poz-pep
North Mesopotamian Arabic;sem-arb
North Mofu;cdc-cbm
North Moluccan Malay;crp
North Muyu;ngf
North Slavey;den
North Tanna;poz-vns
North Watut;poz-ocw
Northeast Maidu;nai-mdu
Northeast Malakula;poz-vnc
Northeast Pashayi;inc-pas
Northeastern Dinka;sdv-dnu
Northeastern Pomo;nai-pom
Northern Alta;phi
Northern Altai;trk-ssb
Northern Amami Ōshima;jpx-nry
Northern Bontoc;phi
Northern Catanduanes Bicolano;phi
Northern Dagara;nic-mre
Northern East Cree;alg
Northern Emberá;sai-chc
Northern Ghale;sit-tam
Northern Grebo;kro-grb
Northern Haida;qfa-iso
Northern Hindko;inc-pan
Northern Kam;qfa-tak
Northern Kankanay;phi
Northern Khmer;mkh-kmr
Northern Kurdish;ku-Arab
Northern Luri;ira-swi
Northern Min;zhx-inm
Northern Ndebele;nd
Northern Ngbandi;nic-ngd
Northern Nuni;nic-gnn
Northern Oaxaca Nahuatl;azc-nah
Northern Ohlone;nai-you
Northern One;qfa-tor
Northern Paiute;azc-num
Northern Pame;omq
Northern Pinghua;zhx-pin
Northern Pomo;nai-pom
Northern Puebla Nahuatl;azc-nah
Northern Pwo;kar
Northern Qiandong Miao;hmn
Northern Qiang;sit-qia
Northern Roglai;cmc
Northern Saharan Berber;ber
Northern Sami;se
Northern Sierra Miwok;nai-utn
Northern Sotho;bnt-sts
Northern Subanen;phi
Northern Tarahumara;azc-trc
Northern Tepehuan;azc-pim
Northern Thai;tai-swe
Northern Tlaxiaco Mixtec;omq-mxt
Northern Tutchone;ath-nor
Northern Yukaghir;qfa-yuk
Northwest Gbaya;gba-wes
Northwest Maidu;nai-mdu
Northwest Oaxaca Mixtec;omq-mxt
Northwest Pashayi;inc-pas
Northwestern Dinka;sdv-dnu
Northwestern Ojibwa;alg
Northwestern Tamang;sit-tam
Norwegian Bokmål;nb
Norwegian Nynorsk;nn
Norwegian;no
Notre;nic-wov
Notsi;poz-ocw
Nottoway-Meherrin;iro-nor
Nottoway;iro-nor
Novial;art
Nsari;nic-bbe
Nsenga;bnt-sna
Nshi;nic-rnn
Nsong;bnt-bdz
Nsongo;bnt-tmb
Ntcham;nic-grm
Ntomba;bnt-mon
Ntra'ngith;aus-pam
Nubaca;nic-ymb
Nubi;crp
Nuer;sdv-dnu
Nuguria;poz-pnp
Nuk;ngf-fin
Nukak Makú;sai-nad
Nukna;ngf-fin
Nukuoro;poz-pnp
Numèè;poz-cln
Numana;nic-nin
Numanggang;ngf-fin
Nume;poz-vnn
Numidian;afa
Nungu;nic-nin
Nupe;alv-ngb
Nyah Kur;mkh-mnc
Nyakyusa;bnt-run
Nyali;bnt-nya
Nyam;cdc-wst
Nyamal;aus-nga
Nyambo;bnt-haj
Nyamwezi;bnt-tkm
Nyaneka;bnt-swb
Nyanga-li;bnt-boa
Nyanga (Congo);bnt-nyb
Nyanga (Togo);alv-gng
Nyangbo;alv-ktg
Nyangga;aus-tnk
Nyankole;bnt-nyg
Nyaturu;bnt-tkm
Nyaw;tai-nor
Nyelâyu;poz-cln
Nyemba;bnt-clu
Nyengo;bnt-clu
Nyenkha;sit-ebo
Nyigina;aus-nyu
Nyiha;bnt-mby
Nyika;bnt-mwi
Nyimang;sdv-nyi
Nyindrou;poz-aay
Nyindu;bnt-shh
Nyishi;sit-tan
Nyiyaparli;aus-nga
Nyokon;nic-mbw
Nyole (Kenya);bnt-msl
Nyole (Uganda);bnt-msl
Nyoro;bnt-nyg
Nyulnyul;aus-nyu
Nyunga;aus-pam
Nyungwe;bnt-sna
Nzadi;bnt-bdz
Nzakambay;alv-mbm
Nzakara;znd
Nzanyi;cdc-cbm
O'chi'chi';nic-cde
O'odham;azc-pim
Obanliku;nic-ben
Obispeño;nai-chu
Obo Manobo;mno
Obokuitai;paa-lkp
Obolo;nic-lcr
Obulom;nic-cde
Ocaina;sai-wit
Occitan;oc
Ocotepec Mixtec;omq-mxt
Ocotlán Zapotec;omq-zap
Od;inc-wes
Odiai;paa-kwm
Odual;nic-cde
Odut;nic-uce
Ofayé;sai-mje
Ogbah;alv-igb
Ogbia;nic-cde
Ogbogolo;nic-cde
Ogbronuagum;nic-cde
Ogea;ngf-mad
Oirata;ngf
Ojibwe;oj
Ojitlán Chinantec;omq-chi
Okanagan;sal
Okiek;sdv-kln
Okinawan;jpx-nry
Okinoerabu;jpx-nry
Oko-Eni-Osayen;alv-von
Okobo;nic-lcr
Okpamheri;alv-nwd
Okpe (Northwestern Edo);alv-nwd
Okpe (Southwestern Edo);alv-swd
Okpela;alv-yek
Oksapmin;ngf
Oku;nic-rnc
Old Armenian;hyx
Old Avar;cau-ava
Old Breton;cel-brs
Old Burmese;tbq-brm
Old Chinese;zhx
Old Church Slavonic;cu
Old Cornish;cel-brs
Old Dutch;gmw-frk
Old East Slavic;zle
Old English;gmw-ang
Old French;roa-oil
Old Frisian;gmw-fri
Old Georgian;ccs-gzn
Old High German;gmw-hgm
Old Hungarian;urj-ugr
Old Irish;cel-gae
Old Japanese;jpx
Old Javanese;poz
Old Khmer;mkh-kmr
Old Korean;qfa-kor
Old Lithuanian;bat-eas
Old Manipuri;sit
Old Marathi;inc-sou
Old Mon;mkh-mnc
Old Norse;gmq
Old Nubian;nub
Old Occitan;roa-ocr
Old Persian;ira-swi
Old Prussian;bat-wes
Old Saxon;gmw-lgm
Old Spanish;roa-cas
Old Sundanese;poz-msa
Old Tamil;dra-tam
Old Tibetan;sit-tib
Old Tupi;tup-gua
Old Turkic;trk-sib
Old Uyghur;trk-ssb
Old Welsh;cel-brw
Olekha;sit
Ollari;dra-pgd
Olo;qfa-tor
Oloma;alv-nwd
Olrat;poz-vnn
Olukumi;alv-yor
Olulumo-Ikom;nic-uce
Oluta Popoluca;nai-miz
Olutsotso;bnt-msl
Omagua;tup-gua
Omaha-Ponca;sio-dhe
Omani Arabic;sem-arb
Omba;poz-vnn
Ombamba;bnt-mbt
Ombo;bnt-tet
Ometepec Nahuatl;azc-nah
Omok;qfa-yuk
Oneida;iro-nor
Onin;poz-cet
Onjob;ngf
Ono;ngf
Onobasulu;ngf
Onondaga;iro-nor
Ontong Java;poz-pnp
Opao;ngf
Opata;azc-trc
Orejón;sai-tuc
Oring;nic-ucn
Oriya;or
Orizaba Nahuatl;azc-nah
Ormu;poz-ocw
Ormuri;ira-orp
Oro Win;sai-cpc
Oro;nic-lcr
Oroch;tuw-udg
Orok;tuw-nan
Orokaiva;ngf
Oroko;bnt-saw
Orokolo;ngf
Oromo;om
Oroqen;tuw-ewe
Orowe;poz-cln
Oruma;ijo
Orya;paa-tkw
Osage;sio-dhe
Osamayi;bnt-kel
Osatu;nic-grs
Oscan;itc-sbl
Osing;poz
Ososo;alv-yek
Ossetian;os
Ot Danum;poz-brw
Otank;nic-tvc
Ottawa;alg
Ottoman Turkish;trk-ogz
Otuke;sai-mje
Ouma;poz-ocw
Owa;poz-sls
Owiniga;qfa-mal
Oya'oya;poz-ocw
Ozolotepec Zapotec;omq-zap
Ozumacín Chinantec;omq-chi
Pémono;sai-map
Pökoot;sdv-kln
Pááfang;poz-mic
Pa'o Karen;kar
Pa;ngf
Paamese;poz-vnc
Paasaal;nic-sis
Pacahuara;sai-pan
Pacoh;mkh-kat
Padoe;poz-btk
Paelignian;itc-sbl
Pagi;paa-brd
Pagibete;bnt-bta
Pagu;paa-nha
Pahanan Agta;phi
Pahari-Potwari;inc-pan
Pahi;paa-spk
Pai Tavytera;tup-gua
Paicî;poz-cln
Paipai;nai-yuc
Paiwan;map
Pajapan Nahuatl;azc-nah
Pal;ngf-mad
Palaic;ine-ana
Palaka Senoufo;alv-snf
Palantla Chinantec;omq-chi
Palauan;poz
Palawan Batak;phi
Paleni;alv-wan
Palenquero;crp
Pali;pi
Palikur;awd
Pallanganmiddang;aus-pam
Palor;alv-cng
Palu'e;poz-cet
Palya Bareli;inc-bhi
Pambia;znd
Pamlico;alg-eas
Pamona;poz-kal
Pamplona Atta;phi
Pana (Central Africa);alv-mbm
Pana (West Africa);nic-gnn
Panamint;azc-num
Panare;sai-ven
Panawa;nic-jer
Panchpargania;inc-eas
Pande;bnt-ngn
Pangasinan;phi
Pangseng;alv-mum
Pangutaran Sama;poz-sbj
Pangwa;bnt-bki
Pangwali;him
Pannonian Rusyn;zlw
Panobo;sai-pan
Panyi Bai;sit-nba
Panyjima;aus-nga
Papantla Totonac;nai-ttn
Papapana;poz-ocw
Papar;poz-san
Papasena;paa-lkp
Papel;alv-pap
Papiamentu;crp
Papora;map
Papuan Malay;crp
Papuma;poz-hce
Pará Arára;sai-pek
Pará Gavião;sai-nje
Para Naga;sit-aao
Parachi;ira-orp
Paraguayan Guaraní;tup-gua
Parakanã;tup-gua
Paranawát;tup-gua
Paraujano;awd-taa
Parauk;mkh-pal
Pare;bnt-par
Pareci;awd
Parthian;ira-mpr
Pashto;ps
Pass Valley Yali;ngf
Patamona;sai-pem
Patani;poz-hce
Patep;poz-ocw
Patpatar;poz-ocw
Pattani Malay;poz-mly
Patwin;nai-wtq
Paumarí;auf
Paunaka;awd
Pauri Bareli;inc-bhi
Pauserna;tup-gua
Pawaia;paa
Pawnee;cdd
Pazeh;map
Pe;nic-tar
Peñoles Mixtec;omq-mxt
Pear;mkh-pea
Pech;cba
Peere;alv-dur
Pele-Ata;paa
Pemon;sai-pem
Penchal;poz-aay
Pengo;dra-kki
Pennsylvania German;gmw-hgm
Penobscot;alg-abp
Penrhyn;poz-pep
Pentlatch;sal
Peranakan Indonesian;crp
Perema;alv-lek
Persian;fa
Petapa Zapotec;omq-zap
Petats;poz-ocw
Phake;tai-swe
Phalura;inc-shn
Phangduwali;sit-kie
Phende;bnt-pen
Phimbi;bnt-sna
Phoenician;sem-can
Phrae Pwo;kar
Phrygian;ine
Phu Thai;tai-swe
Piamatsina;poz-vnn
Piapoco;awd-nwk
Picard;roa-oil
Pichinglis;crp
Pichis Ashéninka;awd
Pictish;cel-brw
Pidgin Delaware;crp
Pidgin Iha;crp
Pidgin Onin;crp
Piedmontese;roa-git
Pije;poz-cln
Pijin;crp
Pilagá;sai-guc
Pileni;poz-pnp
Pima Bajo;azc-pim
Pingelapese;poz-mic
Pinigura;aus-psw
Pinji;bnt-tso
Pinotepa Nacional Mixtec;omq-mxt
Pintupi-Luritja;aus-pam
Pinyin;nic-nge
Pipil;azc-nah
Pirahã;sai-mur
Piratapuyo;sai-tuc
Pirlatapa;aus-kar
Piro;nai-kta
Pisabo;sai-pan
Pitcairn-Norfolk;crp
Pite Sami;smi
Piti;nic-kne
Pitjantjatjara;aus-pam
Pitta-Pitta;aus-kar
Plains Apache;apa
Plains Cree;alg
Plains Miwok;nai-you
Plautdietsch;gmw-lgm
Pnar;aav-pkl
Pochutec;azc-nah
Podoko;cdc-cbm
Pohnpeian;poz-mic
Pokangá;sai-tuc
Pol;bnt-kak
Polabian;zlw-lch
Polish;pl
Polonombauk;poz-vnn
Pom;poz-hce
Ponam;poz-aay
Ponosakan;phi
Pontic Greek;grk
Poqomam;myn
Poqomchi';myn
Port Sandwich;poz-vnc
Port Vato;poz-vnc
Portuguese;pt
Potawatomi;alg
Potiguára;tup-gua
Pouye;paa-spk
Powari;inc-hie
Powhatan;alg-eas
Prakrit;inc-mid
Primitive Irish;cel-gae
Principense;crp
Pudtol Atta;phi
Puebla Mazatec;omq-maz
Pukapukan;poz-pnp
Puluwat;poz-mic
Pumpokol;qfa-yso
Punan Bah-Biau;poz-bnn
Punic;sem-can
Punjabi;pa
Punu;bnt-sir
Puoc;mkh
Purepecha;qfa-iso
Purisimeño;nai-chu
Puroik;sit-khb
Purum;tbq-kuk
Putoh;poz-swa
Putukwam;nic-ben
Puxian Min;zhx-com
Puyuma;map
Pwaamèi;poz-cln
Pwapwâ;poz-cln
Pyu (New Guinea);paa-asa
Q'anjob'al;myn
Q'eqchi;myn
Qaqet;paa-bng
Qatabanian;sem-osa
Qimant;cus-cen
Quapaw;sio-dhe
Quebec Sign Language;sgn
Quechua;qu
Quenya;art
Querétaro Otomi;oto-otm
Quetzaltepec Mixe;nai-miz
Quiavicuzas Zapotec;omq-zap
Quileute;chi
Quinault;sal
Quioquitani-Quierí Zapotec;omq-zpc
Quiotepec Chinantec;omq-chi
Quiripi;alg-eas
Réunion Creole French;crp
Rabha;tbq-bdg
Rade;cmc
Raetic;qfa-tyn
Raga;poz-vnn
Rajbanshi;inc-krd
Rajong;poz-cet
Rajput Garasia;inc-bhi
Rakahanga-Manihiki;poz-pep
Rakhine;tbq-brm
Ralte;tbq-kuk
Ramandi;xme-ttc
Ramoaaina;poz-ocw
Rana Tharu;inc-tha
Rao;paa
Rapa Nui;poz-pep
Rarotongan;poz-pep
Rasawa;paa-lkp
Ratagnon;phi
Ratahan;phi
Rathwi Bareli;inc-bhi
Raute;sit-gma
Ravula;dra-mal
Rawa;ngf-fin
Rawang;sit-nng
Rayón Zoque;nai-miz
Razajerdi;xme-ttc
Razihi;sem-osa
Reel;sdv-dnu
Rejang Kayan;poz
Rejang;poz
Rema;paa
Rembarunga;aus-gun
Rembong;poz-cet
Remo;sai-pan
Remontado Agta;phi
Remun;poz-mly
Rendille;cus-som
Rennellese;poz-pnp
Repanbitip;poz-vnc
Rerep;poz-vnc
Resígaro;awd
Reyesano;sai-tac
Riantana;ngf
Ribun;day
Rigwe;nic-plc
Rikbaktsa;sai-mje
Rincón Zapotec;omq-zap
Ritarungo;aus-yol
Riung;poz-cet
Riverain Sango;crp
Rohingya;inc-bas
Romagnol;roa-emr
Romani;inc-rom
Romanian;ro
Romano-Greek;qfa-mix
Romano-Serbian;qfa-mix
Romanova;art
Romansch;rm
Romblomanon;phi
Rombo;bnt-chg
Romkun;paa
Ron;cdc-wst
Ronga;bnt-tsr
Rongmei Naga;sit-zem
Roon;poz-hce
Roria;poz-vnn
Roro;poz-ocw
Rotokas;paa-nbo
Rotuman;poz-pcc
Roviana;poz-ocw
Ruching Palaung;mkh-pal
Rudbari;xme
Rukai;map
Rukiga;bnt-nyg
Rumai Palaung;mkh-pal
Rungus;poz-san
Rungwa;bnt-mwi
Russian;ru
Rutul;cau-wsm
S'gaw Karen;kar
Sîshëë;poz-cln
São Paulo Kaingáng;sai-jee
Sãotomense;crp
Sa'a;poz-sls
Sa'ban;poz-swa
Sa;poz-vnn
Saafi-Saafi;alv-cng
Saanich;sal
Saare;nic-knn
Saaroa;map
Saba;cdc-est
Sabaean;sem-osa
Sabah Bisaya;poz-san
Sabanê;sai-nmk
Sabine;itc-sbl
Sabir;crp
Sabu;poz-cet
Sacapulteco;myn
Sadri;inc-bih
Saek;tai-nor
Safaliba;nic-mre
Safeyoka;ngf
Safwa;bnt-mby
Sagala;bnt-ruv
Saho;cus-eas
Sahu;paa-nha
Saisiyat;map
Sakao;poz-vnn
Sakata;bnt-bnm
Sake;bnt-kel
Sakizaya;map
Sala;bnt-bot
Salampasu;bnt-lun
Salar;trk
Salinan;qfa-iso
Salumá;sai-prk
Salvadoran Sign Language;sgn
Sama;bnt-kmb
Samaritan Aramaic;sem-arw
Samaritan Hebrew;sem-can
Samba;bnt-pen
Sambali;phi
Sambalpuri;inc-eas
Sambe;nic-alu
Samberigi;paa-eng
Samoan;sm
Samogitian;bat-eas
Samosa;ngf-mad
San Agustín Mixtepec Zapotec;omq-zap
San Baltazar Loxicha Zapotec;omq-zap
San Felipe Otlaltepec Popoloca;omq-pop
San Jerónimo Tecóatl Mazatec;omq-maz
San Juan Atzingo Popoloca;omq-pop
San Juan Colorado Mixtec;omq-mxt
San Juan Guelavía Zapotec;omq-zpc
San Juan Teita Mixtec;omq-mxt
San Luís Temalacayuca Popoloca;omq-pop
San Marcos Tlalcoyalco Popoloca;omq-pop
San Martín Itunyoso Triqui;omq-tri
San Miguel Creole French;crp
San Miguel el Grande Mixtec;omq-mxt
San Miguel Piedras Mixtec;omq-mxt
San Pablo Güilá Zapotec;omq-zap
San Pedro Amuzgos Amuzgo;omq
San Pedro Quiatoni Zapotec;omq-zpc
San Vicente Coatlán Zapotec;omq-zap
Sanapaná;sai-mas
Sandawe;qfa-iso
Sanga (Congo);bnt-lub
Sanga (Nigeria);nic-jer
Sangil;phi
Sangir;phi
Sangisari;ira-kms
Sango;sg
Sangu (Gabon);bnt-sir
Sangu (Tanzania);bnt-bki
Sani;tbq-axi
Saniyo-Hiyewe;paa-spk
Sanskrit;sa
Santa Catarina Albarradas Zapotec;omq-zap
Santa Inés Ahuatempan Popoloca;omq-pop
Santa Inés Yatzechi Zapotec;omq-zap
Santa Lucía Monteverde Mixtec;omq-mxt
Santa María La Alta Nahuatl;azc-nah
Santa María Quiegolani Zapotec;omq-zpc
Santa María Zacatepec Mixtec;omq-mxt
Santa Teresa Cora;azc
Santali;mun
Santiago Xanica Zapotec;omq-zap
Santo Domingo Albarradas Zapotec;omq-zap
Sapa;tai-sap
Sar;csu-sar
Sara Kaba Náà;csu-kab
Sara Kaba;csu-kab
Saraiki;inc-pan
Saramaccan;crp
Sarangani Blaan;phi
Sarangani Manobo;mno
Sardinian;sc
Sarikoli;ira-shr
Sarli;ira-zgr
Sartang;sit-khm
Sarua;cdc-est
Saruga;ngf-mad
Sasak;poz-bss
Sasaru;alv-yek
Sassarese;roa-itr
Satawalese;poz-mic
Sateré-Mawé;tup
Saterland Frisian;gmw-fri
Saurashtra;inc-wes
Sause;paa-tkw
Sausi;ngf-mad
Savosavo;paa
Sawai;poz-hce
Sawi;ngf
Sawriya Paharia;dra-mlo
Saxwe Gbe;alv-pph
Saya;cdc-wst
Sayula Popoluca;nai-miz
Scots;gmw-ang
Scottish Gaelic;gd
Seba;bnt-sbi
Sebat Bet Gurage;sem-eth
Sebop;poz-swa
Sechelt;sal
Secoya;sai-tuc
Sedang;mkh-nbn
Segeju;bnt-mij
Sehwi;alv-ctn
Seimat;poz-aay
Sekani;ath-nor
Seki;bnt-kel
Selaru;poz-cet
Selee;alv-ntg
Selk'nam;sai-cho
Selonian;bat-eas
Semai;mkh-asl
Semelai;mkh-asl
Semimi;paa-mai
Semnani;xme
Sena;bnt-sna
Seneca;iro-nor
Sengele;bnt-mon
Sengo;paa-spk
Sengseng;poz-ocw
Sensi;sai-pan
Sentani;paa-sen
Sepa (Indonesia);poz-cma
Sepa (New Guinea);poz-ocw
Sepen;paa
Sepik Mari;paa-spk
Sera;poz-ocw
Serbo-Croatian;sh
Sere;nic-ser
Serer;alv-fwo
Seri;qfa-iso
Serrano;azc-tak
Seru;poz-bnn
Serui-Laut;poz-hce
Seta;qfa-tor
Setaman;ngf-okk
Seti;qfa-tor
Severn Ojibwa;alg
Seychellois Creole;crp
Seze;omv-mao
Sha;cdc-wst
Shabak;ira-zgr
Shabo;ssa
Shahmirzadi;ira-msh
Shahrudi;xme-ttc
Shama-Sambuga;nic-kmk
Shambala;bnt-seu
Shan;tai-swe
Shanenawa;sai-pan
Shanga;dmn-bbu
Shaojiang Min;zhx-inm
Sharanahua;sai-pan
Shark Bay;poz-vnn
Sharwa;cdc-cbm
Shasta;nai-shs
Shau;nic-jer
Shawnee;alg
Shehri;sem-sar
Shelta;qfa-mix
Sheni;nic-jer
Sherbro;alv-mel
Sherpa;sit-tib
Sheshi Kham;sit-kha
Shi;bnt-shh
Shihhi Arabic;sem-arb
Shiki;nic-jrn
Shilluk;sdv-lon
Shina;inc-shn
Shinasha;omv-gon
Shipibo-Conibo;sai-pan
Shixing;sit-nax
Sholaga;dra-kan
Shona;sn
Shoo-Minda-Nye;nic-jkn
Shor;trk-ssb
Shoshone;azc-num
Shua;khi-kal
Shuar;sai-jiv
Shughni;ira-shr
Shumashti;inc-kun
Shuswap;sal
Shwe Palaung;mkh-pal
Siane;paa-kag
Sibe;paa-sbo
Siberian Tatar;trk-kno
Sicel;itc
Sichuan Yi;ii
Sicilian;roa-itr
Siculo-Arabic;sem-arb
Sidamo;cus-hec
Sidetic;ine-luw
Sie;poz-vns
Sierra de Juárez Zapotec;omq-zap
Sierra Negra Nahuatl;azc-nah
Sighu;bnt-kel
Sika;poz-cet
Sikaiana;poz-pnp
Sikiana;sai-prk
Sikkimese;sit-tib
Silacayoapan Mixtec;omq-mxt
Silesian;zlw-lch
Siliput;qfa-tor
Silt'e;sem-eth
Simaa;bnt-kav
Simalungun Batak;btk
Simba;bnt-tso
Simbali;paa-bng
Simeulue;poz-nws
Sinagen;qfa-tor
Sinasina;ngf
Sinaugoro;poz-ocw
Sindarin;art
Sindhi Bhil;inc-snd
Sindhi;sd
Sindihui Mixtec;omq-mxt
Singa;bnt-lok
Singpho;sit-jnp
Sinhalese;si
Sinicahua Mixtec;omq-mxt
Sininkere;dmn-man
Sinte Romani;inc-rom
Sinyar;csu
Siona;sai-tuc
Sipakapense;myn
Sira;bnt-sir
Siraya;map
Sirenik;ypk
Siri;cdc-wst
Siriano;sai-tuc
Sirionó;tup-gua
Siroi;ngf-mad
Sissala;nic-sis
Sissano;poz-ocw
Sivandi;xme
Siwi;ber
Siwu;alv-ntg
Skagit;sal
Skalvian;bat-wes
Ske;poz-vnn
Skepi Creole Dutch;crp
Skolt Sami;smi
Skou;paa-msk
Slavomolisano;zls
Slovak;sk
Slovene;sl
Snohomish;sal
So'a;poz-cet
Sochiapam Chinantec;omq-chi
Soga;bnt-nyg
Sogdian;ira-sgc
Soko;bnt-ske
Sokoro;cdc-est
Soli;bnt-bot
Solong;poz-ocw
Som;ngf-fin
Somali;so
Somba-Siawari;ngf
Somrai;cdc-est
Somyev;nic-mmb
Sonde;bnt-pen
Songe;bnt-lbn
Songomeno;bnt-bsh
Songoora;bnt-lgb
Soninke;dmn-snb
Sonsorolese;poz-mic
Sop;ngf-mad
Soqotri;sem-sar
Sora;mun
Sori-Harengan;poz-aay
Sorsogon Ayta;phi
Sos Kundi;paa-spk
Sotho;st
South Awyu;ngf
South Central Dinka;sdv-dnu
South Efate;poz-vnc
South Fali;alv-fli
South Levantine Arabic;sem-arb
South Marquesan;poz-pep
South Muyu;ngf
South Picene;itc-sbl
South Slavey;den
South Tairora;paa-kag
South Ucayali Ashéninka;awd
Southeast Ambrym;poz-vnc
Southeast Ijo;ijo
Southeast Pashayi;inc-pas
Southeastern Dinka;sdv-dnu
Southeastern Ixtlán Zapotec;omq-zap
Southeastern Kolami;dra-knk
Southeastern Nochixtlán Mixtec;omq-mxt
Southeastern Pomo;nai-pom
Southeastern Puebla Nahuatl;azc-nah
Southeastern Tarahumara;azc-trc
Southeastern Tepehuan;azc-pim
Southern Alta;phi
Southern Altai;trk-kkp
Southern Amami Ōshima;jpx-nry
Southern Bai;sit-bai
Southern Birifor;nic-mre
Southern Bobo;dmn-snb
Southern Bontoc;phi
Southern Carrier;ath-nor
Southern Catanduanes Bicolano;phi
Southern Dagaare;nic-mre
Southern East Cree;alg
Southern Ghale;sit-tam
Southern Grebo;kro-grb
Southern Haida;qfa-iso
Southern Hindko;inc-pan
Southern Kam;qfa-kms
Southern Kurdish;ku-Arab
Southern Luri;ira-swi
Southern Mashan Hmong;hmn
Southern Ndebele;nr
Southern Ngbandi;nic-ngd
Southern Nuni;nic-gnn
Southern Ohlone;nai-you
Southern One;qfa-tor
Southern Pame;omq
Southern Pinghua;zhx-pin
Southern Pomo;nai-pom
Southern Puebla Mixtec;omq-mxt
Southern Puget Sound Salish;sal
Southern Qiang;sit-qia
Southern Rincon Zapotec;omq-zpc
Southern Sama;poz-sbj
Southern Sami;smi
Southern Samo;dmn-sam
Southern Sierra Miwok;nai-utn
Southern Thai;tai-swe
Southern Tiwa;nai-kta
Southern Tujia;sit-tja
Southern Tutchone;ath-nor
Southern Yukaghir;qfa-yuk
Southwest Gbaya;gba-sou
Southwest Palawano;phi
Southwest Pashayi;inc-pas
Southwest Tanna;poz-vns
Southwestern Bontoc;phi
Southwestern Dinka;sdv-dnu
Southwestern Tarahumara;azc-trc
Southwestern Tepehuan;azc-pim
Southwestern Tlaxiaco Mixtec;omq-mxt
Sowa;poz-vnn
Soyaltepec Mixtec;omq-mxt
Spanish;es
Squamish;sal
Sranan Tongo;crp
Sri Lankan Creole Malay;crp
Ỹaroamë;sai-ynm
Stoney;sio-dkt
Suabo;ngf-sbh
Suba-Simbiti;bnt-lok
Suba;bnt-lok
Subiya;bnt-bot
Subtiaba;omq
Sudanese Arabic;sem-arb
Sudovian;bat-wes
Suena;ngf
Suga;nic-mmb
Suganga;ngf-okk
Sugut Dusun;poz-san
Sui;qfa-kms
Suki;ngf
Suku;bnt-yak
Sukuma;bnt-tkm
Sukur;cdc-cbm
Sula;poz-cma
Sumariup;paa-spk
Sumau;ngf-mad
Sumbawa;poz-bss
Sumbwa;bnt-glb
Sumerian;qfa-iso
Sundanese;su
Sungwadaga;poz-vnn
Sungwadia;poz-vnn
Sunum;poz-ocw
Sunwar;sit-kiw
Supyire;alv-sma
Surigaonon;phi
Surjapuri;inc-krd
Sursurunga;poz-ocw
Suruí Do Pará;tup-gua
Suruí;tup
Surubu;nic-kau
Susu;dmn-sya
Susuami;ngf
Suundi;bnt-kng
Suyá;sai-nje
Svan;ccs
Swabian;gmw-hgm
Swahili;sw
Swampy Cree;alg
Swazi;ss
Swedish;sv
Swo;bnt-mka
Sylheti;inc-bas
Tîrî;poz-cln
Tübatulabal;azc
Tày;tai-tay
Tây Bồi;crp
Taíno;awd-taa
Taabwa;bnt-sbi
Tabaa Zapotec;omq-zap
Tabaru;paa-nha
Tabasaran;cau-esm
Tabasco Chontal;myn
Tabasco Nahuatl;azc-nah
Tabasco Zoque;nai-miz
Tabriak;paa-lsp
Tacahua Mixtec;omq-mxt
Tacana;sai-tac
Tachawit;ber
Tadaksahak;son
Tadyawan;phi
Tae';poz-ssw
Tagabawa;mno
Tagakaulu Kalagan;phi
Tagal Murut;poz-san
Tagalog;tl
Tagbanwa;phi
Tagish;ath-nor
Tagoi;nic-ras
Tahitian;ty
Tahltan;ath-nor
Tai Dón;tai-swe
Tai Daeng;tai-swe
Tai Dam;tai-swe
Tai Do;tai-nor
Tai Laing;tai-swe
Tai Nüa;tai-swe
Tai Ya;qfa-tak
Tai;ngf-mad
Taikat;paa-brd
Tainae;ngf
Taita;bnt-cht
Taivoan;map
Tajik;tg
Tajiki Arabic;sem-arb
Tajio;poz
Takia;poz-oce
Takuu;poz-pnp
Takwane;bnt-mak
Tal;cdc-wst
Tala;cdc-wst
Taliabu;poz-cma
Talossan;art
Talysh;xme-ttc
Tama (Colombia);sai-tuc
Tamambo;poz-vnn
Taman (Indonesia);poz
Taman (Myanmar);sit-jnp
Tamanaku;sai-ven
Tamazola Mixtec;omq-mxt
Tambora;paa
Tambotalo;poz-vnn
Tambunan Dusun;poz-san
Tamil;ta
Tamki;cdc-est
Tampuan;mkh-ban
Tanacross;ath-nor
Tanchangya;inc-bas
Tandaganon;phi
Tandia;poz-hce
Tanema;poz-tem
Tangale;cdc-wst
Tanggu;paa
Tangkhul Naga;sit-tng
Tangoa;poz-vnn
Tangsa;sit-tno
Tanguat;paa
Tangut;ero
Tanimbili;poz-tem
Tanimuca-Retuarã;sai-tuc
Tanudan Kalinga;phi
Taos;nai-kta
Tapei;paa-arf
Tapirapé;tup-gua
Tara Baka;csu-bbk
Tarao;tbq-kuk
Taraon;sit-gsi
Tariana;awd-nwk
Tarifit;ber
Tarjumo;ssa-sah
Tarok;nic-tar
Taroko;map-ata
Tarpia;poz-ocw
Tashelhit;ber
Tasmate;poz-vnn
Tat;ira-swi
Tataltepec Chatino;omq-cha
Tatar;tt
Tatuyo;sai-tuc
Taungyo;tbq-brm
Tause;paa-lkp
Tausug;phi
Tauya;ngf-mad
Taveta;bnt-par
Tavoyan;tbq-brm
Tavringer Romani;qfa-mix
Tawala;poz-ocw
Tawandê;sai-nmk
Tawang Monpa;sit-ebo
Taworta;paa-lkp
Tayabas Ayta;phi
Tayo;crp
Tboli;phi
Tchumbuli;alv-ctn
Te'un;poz-cet
Teanu;poz-tem
Tebul Ure Dogon;qfa-dgn
Tecpatlán Totonac;nai-ttn
Tedim Chin;tbq-kuk
Tee;nic-ogo
Tefaro;paa-egb
Tegali;nic-ras
Tehuelche;sai-cho
Teiwa;ngf
Tejalapan Zapotec;omq-zap
Teke-Tyee;bnt-nze
Telugu;te
Tem;nic-gne
Temascaltepec Nahuatl;azc-nah
Tembé;tup-gua
Temi;bnt-kka
Temiar;mkh-asl
Temoaya Otomi;oto-otm
Ten'edn;mkh-asl
Tenango Otomi;oto-otm
Tene Kan Dogon;nic-pld
Tengger;poz
Tenharim;tup-gua
Tenino;nai-shp
Tenis;poz-stm
Teop;poz-ocw
Tepecano;azc-pim
Tepetotutla Chinantec;omq-chi
Tepeuxila Cuicatec;omq-cui
Tepinapa Chinantec;omq-chi
Ter Sami;smi
Terei;paa-sbo
Tereno;awd
Teribe;cba
Termanu;poz-tim
Ternate;paa-nha
Tetelcingo Nahuatl;azc-nah
Tetete;sai-tuc
Tetserret;ber
Tetum;poz-tim
Tetun Dili;poz-tim
Teutila Cuicatec;omq-cui
Tewa;nai-kta
Texcatepec Otomi;oto-otm
Texistepec Popoluca;nai-miz
Texmelucan Zapotec;omq-zpc
Tezoatlán Mixtec;omq-mxt
Thai Sign Language;sgn
Thai Song;tai-swe
Thai;th
Thao;map
Tharrgari;aus-psw
Thavung;mkh-vie
Tho;mkh-vie
Thompson;sal
Thracian;ine
Tiéyaxo Bozo;dmn-snb
Tiagbamrin Aizi;kro-aiz
Tiale;poz-vnn
Tiang;poz-ocw
Tibea;bnt-baf
Tibetan;bo
Ticuna;sai-tyu
Tidaá Mixtec;omq-mxt
Tidore;paa-nha
Tiemacèwè Bozo;dmn-snb
Tigak;poz-ocw
Tigon Mbembe;nic-jkn
Tigre;sem-eth
Tigrinya;ti
Tijaltepec Mixtec;omq-mxt
Tikar;nic-bdn
Tikopia;poz-pnp
Tilapa Otomi;oto-otm
Tillamook;sal
Tilquiapan Zapotec;omq-zpc
Timor Pidgin;crp
Timugon Murut;poz-san
Tindi;cau-and
Tingui-Boto;sai-mje
Tirax;poz-vnc
Tiruray;phi
Tiv;nic-tvc
Tiwa;tbq-bdg
Tiwi;qfa-iso
Tjurruru;aus-nga
Tlacoatzintepec Chinantec;omq-chi
Tlacolulita Zapotec;omq-zpc
Tlahuica;omq
Tlamacazapa Nahuatl;azc-nah
Tlazoyaltepec Mixtec;omq-mxt
Tlingit;xnd
To'abaita;poz-sls
Toba-Maskoy;sai-mas
Toba Batak;btk
Toba;sai-guc
Tobagonian Creole English;crp
Tobati;poz-ocw
Tobelo;paa-nha
Tobilung;poz-san
Tocantins Asurini;tup-gua
Tocharian A;ine-toc
Tocharian B;ine-toc
Tocho;alv-tal
Toda;dra-tkt
Tofa;trk-ssb
Tojolabal;myn
Tok Pisin;crp
Toka-Leya;bnt-bot
Tokano;ngf
Tokelauan;poz-pnp
Toki Pona;art
Tokunoshima;jpx-nry
Tol;nai-jcq
Tolai;poz-ocw
Tolaki;poz-btk
Tolomako;poz-vnn
Tolowa;ath-pco
Toma;dmn-msw
Tomadino;poz-btk
Tombonuo;poz-san
Tombulu;phi
Tomini;poz
Tommo So;nic-dge
Tomo Kan Dogon;nic-pld
Tondano;phi
Tonga (Malawi);bnt-nys
Tonga (Zambia);bnt-bot
Tongan;to
Tonkawa;qfa-iso
Tonsawang;phi
Tonsea;phi
Tontemboan;phi
Tooro;bnt-nyg
Toraja-Sa'dan;poz-ssw
Toro So Dogon;nic-dge
Toro Tegu Dogon;nic-pld
Toromono;sai-tac
Torres Strait Creole;crp
Torricelli Yau;qfa-tor
Torricelli;qfa-tor
Torwali;inc-koh
Totela;bnt-bot
Toto;sit-dhi
Totoli;poz-tot
Totomachapan Zapotec;omq-zap
Totontepec Mixe;nai-miz
Totoro;sai-bar
Toura;dmn-mda
Translingual;qfa-not
Traveller Danish;qfa-mix
Traveller Norwegian;qfa-mix
Traveller Scottish;qfa-mix
Trió;sai-tar
Trinidadian Creole English;crp
Tsafiki;sai-bar
Tsakhur;cau-wsm
Tsakonian;grk
Tsetsaut;ath-nor
Tsez;cau-wts
Tshangla;sit-tsk
Tsimané;qfa-iso
Tsimshian;nai-tsi
Tsonga;ts
Tsotsitaal;crp
Tsou;map
Tsucuba;nic-knj
Tsuut'ina;ath-nor
Tswana;tn
Tuamotuan;poz-pep
Tuareg;ber
Tubar;azc-trc
Tucano;sai-tuc
Tukang Besi South;poz-mun
Tuki;nic-mba
Tukudede;poz-tim
Tukumanféd;tup-gua
Tulishi;qfa-kad
Tulu-Bohuai;poz-aay
Tulu;dra-tlk
Tuma-Irumu;ngf-fin
Tumbuka;bnt-nys
Tumshuqese;xsc-sak
Tumulung Sisaala;nic-sis
Tundra Enets;syd
Tundra Nenets;syd
Tungag;poz-ocw
Tunggare;paa-egb
Tunica;qfa-iso
Tunisian Arabic;sem-arb
Tunjung;poz
Tunzu;nic-jer
Tuotomb;nic-mbw
Tuparí;tup
Tupinambá;tup-gua
Tupuri;alv-mbm
Turiwára;tup-gua
Turka;nic-gur
Turkana;sdv-ttu
Turkish;tr
Turkmen;tk
Turks and Caicos Creole English;crp
Turoyo;sem-cna
Turung;tai-swe
Tuscarora;iro-nor
Tutelo;sio-ohv
Tutong;poz-swa
Tutuba;poz-vnn
Tututepec Mixtec;omq-mxt
Tututni;ath-pco
Tuvaluan;poz-pnp
Tuvan;trk-ssb
Tuwali Ifugao;phi
Tuwuli;alv-ktg
Tuxináwa;sai-pan
Tuyuca;sai-tuc
Twana;sal
Twi;tw
Tyap;nic-plc
Tz'utujil;myn
Tzeltal;myn
Tzotzil;myn
Uab Meto;poz-tim
Ubaghara;nic-ucn
Ubang;nic-ben
Ubir;poz-ocw
Ubykh;cau-nwc
Ucayali-Yurúa Ashéninka;awd
Udi;cau-esm
Udihe;tuw-udg
Udmurt;urj-prm
Ufim;ngf-fin
Ugaritic;sem-nwe
Uhami;alv-nwd
Ujir;poz-cet
Ukpe-Bayobiri;nic-ben
Ukpet-Ehom;nic-ucr
Ukrainian;uk
Ukue;alv-nwd
Ukwuani-Aboh-Ndoni;alv
Ulau-Suain;poz-ocw
Ulch;tuw-nan
Uldeme;cdc-cbm
Uma;poz-kal
Umanakaina;ngf
Umatilla;nai-shp
Umbrian;itc-sbl
Umbu-Ungu;ngf
Umbundu;bnt
Ume Sami;smi
Umiida;aus-wor
Umiray Dumaget Agta;phi
Umon;nic-ucn
Umpila;aus-pmn
Unami;del
Unde Kaili;poz-kal
Undetermined;qfa-not
Uneapa;poz-ocw
Uneme;alv-yek
Unggaranggu;aus-wor
Unggumi;aus-wor
Unserdeutsch;crp
Unua;poz-vnc
Uokha;alv-edo
Upper Chehalis;sal
Upper Grand Valley Dani;ngf
Upper Kinabatangan;poz-san
Upper Kuskokwim;ath-nor
Upper Necaxa Totonac;nai-ttn
Upper Sorbian;wen
Upper Tanana;ath-nor
Upper Taromi;xme-ttc
Upper Umpqua;ath-pco
Ura (Papua New Guinea);paa-bng
Ura (Vanuatu);poz-vns
Uradhi;aus-pam
Urak Lawoi';poz-mly
Urali;dra-kod
Urartian;qfa-hur
Urat;qfa-tor
Urdu;ur
Urhobo;alv-swd
Uri;ngf-fin
Urigina;ngf
Urim;qfa-tor
Urimo;qfa-tor
Uru-Eu-Wau-Wau;tup-gua
Uru-Pa-In;tup-gua
Uruangnirin;poz-cet
Uruava;poz-ocw
Urubú-Kaapor;tup-gua
Urum;trk-kcu
Urumi;tup
Usaghade;nic-lcr
Usan;ngf
Usarufa;paa-kag
Ushojo;inc-shn
Usila Chinantec;omq-chi
Uspanteco;myn
Utarmbung;ngf
Ute;azc-num
Uvbie;alv-swd
Uyajitaya;ngf-mad
Uyghur;ug
Uzbek;uz
Uzbeki Arabic;sem-arb
Uzekwe;nic-ucn
Võro;urj-fin
Vaagri Booli;inc
Vaghri;inc-bhi
Vaghua;poz-ocw
Vai;dmn-vak
Valle Nacional Chinantec;omq-chi
Valley Maidu;nai-mdu
Valpei;poz-vnn
Vamale;poz-cln
Vandalic;gme
Vangunu;poz-ocw
Vao;poz-vnc
Varhadi;inc-sou
Varli;inc-sou
Veddah;crp
Venda;ve
Venetan;roa-iwr
Venetic;ine
Ventureño;nai-chu
Veps;urj-fin
Vera'a;poz-vnn
Vestinian;itc
Vietnamese;vi
Vilamovian;gmw-hgm
Vili;bnt-kng
Villa Viciosa Agta;phi
Vincentian Creole English;crp
Virgin Islands Creole;crp
Viya;bnt-tso
Vlax Romani;inc-rom
Volapük;vo
Volscian;itc-sbl
Votic;urj-fin
Vunapu;poz-vnn
Vunjo;bnt-chg
Vurës;poz-vnn
Vute;nic-mmb
Wè Southern;kro-wee
Wãpha;nic-jkn
Wa'ema;poz-ocw
Waama;nic-eov
Waamwang;poz-cln
Wab;poz-ocw
Wabo;poz-hce
Waffa;paa-kag
Wageman;aus-gun
Wagi;ngf-mad
Waigali;nur-sou
Wailaki;ath-pco
Wailapa;poz-vnn
Waima'a;poz-tim
Waimaha;sai-tuc
Waimiri-Atroari;sai-car
Waiwai;sai-prk
Wajarri;aus-psw
Wakhi;xsc-skw
Wali (Ghana);nic-mre
Waling;sit-kic
Walla Walla;nai-shp
Wallisian;poz-pnp
Walloon;wa
Walmajarri;aus-pam
Wam;qfa-tor
Wambaya;aus-mir
Wambon;ngf
Wambule;sit-kiw
Wamey;alv-ten
Wampar;poz-ocw
Wampur;poz-ocw
Wané;kro-ekr
Wanambre;ngf
Wanap;qfa-tor
Wancho;sit-kch
Wandala;cdc-cbm
Wandamen;poz-hce
Wandarang;aus-arn
Waneci;ira-pat
Wanggamala;aus-kar
Wangganguru;aus-kar
Wanggom;ngf
Wangkumara;aus-pam
Wanji;bnt-bki
Wano;ngf
Wantoat;ngf-fin
Wanukaka;poz
Wanyi;aus-gar
Wapishana;awd
Wappo;nai-ykn
War-Jaintia;aav-khs
Warao;qfa-iso
Warapu;paa-msk
Waray-Waray;phi
Waray Sorsogon;phi
Warekena;awd-nwk
Wari';sai-cpc
Waritai;paa-lkp
Wariyangga;aus-psw
Warji;cdc-wst
Warkay-Bipim;ngf
Warlpiri;aus-pam
Warluwara;aus-pam
Waropen;poz-hce
Warrgamay;aus-pam
Warumungu;aus-pam
Warungu;aus-pam
Warwar Feni;poz-oce
Wasa;alv-ctn
Wasco-Wishram;nai-ckn
Wasembo;ngf-mad
Washo;qfa-iso
Waskia;ngf-mad
Wastek;myn
Watam;paa
Wathaurong;aus-pam
Watiwa;ngf-mad
Watubela;poz-cma
Wauja;awd
Wawa;nic-mmb
Wawonii;poz-btk
Waxiang;zhx
Wayampi;tup-gua
Wayana;sai-gui
Wayanad Chetti;dra-mal
Wayuu;awd-taa
Wedau;poz-ocw
Weliki;ngf-fin
Welsh Romani;inc-rom
Welsh;cy
Wemba-Wemba;aus-pam
Wendat;iro-nor
West Albay Bikol;phi
West Ambae;poz-vnn
West Central Banda;bad
West Coast Bajau;poz-sbj
West Damar;poz-tim
West Flemish;gmw-frk
West Frisian;fy
West Makian;paa-nha
West Tarangan;poz
West Uvean;poz-pnp
Western Apache;apa
Western Arrernte;aus-pam
Western Bolivian Guaraní;tup-gua
Western Bru;mkh-kat
Western Bukidnon Manobo;mno
Western Cham;cmc
Western Dani;ngf
Western Durango Nahuatl;azc-dur
Western Fijian;poz-pcc
Western Gurung;sit-tam
Western Highland Chatino;omq-cha
Western Huasteca Nahuatl;azc-hua
Western Juxtlahuaca Mixtec;omq-mxt
Western Katu;mkh-kat
Western Kayah;kar
Western Keres;nai-ker
Western Lawa;mkh-pal
Western Magar;sit-gma
Western Mari;chm
Western Neo-Aramaic;sem-arw
Western Ojibwa;alg
Western Parbate Kham;sit-kha
Western Penan;poz-swa
Western Pwo;kar
Western Sisaala;nic-sis
Western Subanon;phi
Western Tamang;sit-tam
Western Totonac;nai-ttn
Western Xiangxi Miao;hmn
Western Xwla Gbe;alv-pph
Western Yugur;trk-ssb
Weyewa;poz-cet
White Hmong;hmn
Whitesands;poz-vns
Wiarumus;qfa-tor
Wichí Lhamtés Güisnay;sai-wic
Wichí Lhamtés Nocten;sai-wic
Wichí Lhamtés Vejoz;sai-wic
Wichita;cdd
Wik-Mungkan;aus-pmn
Winnebago;sio-msv
Wintu;nai-wtq
Wipi;paa
Wiradjuri;aus-cww
Wiraféd;tup-gua
Wirangu;aus-pam
Wiwa;cba
Wiyot;aql
Woccon;nai-cat
Wogamusin;paa-spk
Wogeo;poz-ocw
Woi;poz-hce
Woiwurrung;aus-pam
Wolane;sem-eth
Wolani;ngf
Wolaytta;omv-nom
Woleaian;poz-mic
Wolio;poz-wot
Wolof;wo
Womo;paa-msk
Wongo;bnt-bsh
Woods Cree;alg
Woria;paa-egb
Worimi;aus-pam
Woun Meu;sai-chc
Written Oirat;xgn-cen
Wu;zhx
Wudu;alv-gbe
Wumboko;bnt-kpw
Wumbvu;bnt-kel
Wushi;nic-rnn
Wusi;poz-vnn
Wutung;paa-msk
Wutunhua;qfa-mix
Wuvulu-Aua;poz-aay
Wyandot;iro-nor
Xârâcùù;poz-cln
Xârâgurè;poz-cln
Xadani Zapotec;omq-zap
Xakriabá;sai-cje
Xamtanga;cus-cen
Xanaguía Zapotec;omq-zpc
Xavante;sai-cje
Xerénte;sai-cje
Xetá;tup-gua
Xhosa;xh
Xiang;zhx
Xibe;tuw-jrc
Xicotepec de Juárez Totonac;nai-ttn
Xinca;nai-xin
Xingú Asuriní;tup-gua
Xiriâna;awd
Yámana;qfa-iso
Yaa;bnt-nze
Yabaâna;awd
Yabarana;sai-map
Yabula Yabula;aus-pam
Yace;alv-ido
Yaeyama;jpx-sry
Yagara;aus-pam
Yagaria;paa-kag
Yagnobi;ira-sgc
Yagomi;ngf-fin
Yagwoia;ngf
Yaka;bnt-yak
Yakan;poz-sbj
Yakima;nai-shp
Yakkha;sit-kie
Yakut;trk-nsb
Yalálag Zapotec;omq-zpc
Yala;alv-ido
Yalahatan;poz-cma
Yalakalore;sai-nmk
Yalarnnga;aus-pam
Yale;paa
Yamap;poz-ocw
Yamba;nic-nka
Yambes;qfa-tor
Yambeta;nic-mbw
Yamdena;poz-cet
Yami;phi
Yaminahua;sai-pan
Yamongeri;bnt-mon
Yamphu;sit-kie
Yan-nhangu;aus-yol
Yanda Dogon;qfa-dgn
Yandruwandha;aus-kar
Yanesha';awd
Yangben;nic-ymb
Yangkam;nic-tar
Yango;nic-nkk
Yangum Dey;qfa-tor
Yangum Gel;qfa-tor
Yangum Mon;qfa-tor
Yankunytjatjara;aus-pam
Yanomam;sai-ynm
Yanomamö;sai-ynm
Yanyuwa;aus-pam
Yao;bnt-rvm
Yaosakor Asmat;ngf
Yapese;poz-oce
Yapunda;qfa-tor
Yaqay;ngf
Yaqui;azc-trc
Yareni Zapotec;omq-zap
Yarli;aus-pam
Yasa;bnt-yko
Yatee Zapotec;omq-zpc
Yatzachi Zapotec;omq-zpc
Yaul;paa
Yaur;poz-hce
Yautepec Zapotec;omq-zap
Yavitero;awd
Yawa;paa
Yawalapití;awd
Yawanawa;sai-pan
Yawarawarga;aus-kar
Yawijibaya;aus-wor
Yawuru;aus-nyu
Yazghulami;ira-shy
Ye'kwana;sai-car
Yekhee;alv-yek
Yemaek;qfa-kor
Yemba;bai
Yemeni Arabic;sem-arb
Yendang;alv-mye
Yenish;gmw-hgm
Yeretuar;poz-hce
Yeskwa;nic-plc
Yessan-Mayo;paa-spk
Yevanic;grk
Yiddish;yi
Yidgha;ira-mny
Yidiny;aus-yid
Yil;qfa-tor
Yilan Creole;crp
Yimchungru Naga;sit-aao
Yindjibarndi;aus-nga
Yindjilandji;aus-pam
Yine;awd
Yinggarda;aus-psw
Yinhawangka;aus-nga
Yinwum;aus-pam
Yir-Yoront;aus-pmn
Yis;qfa-tor
Yoba;poz-ocw
Yocoboué Dida;kro-did
Yogad;phi
Yola;gmw-ian
Yolmo;sit-kyk
Yoloxochitl Mixtec;omq-mxt
Yombe;bnt-kng
Yonaguni;jpx-sry
Yong;tai-swe
Yopno;ngf-fin
Yora;sai-pan
Yoron;jpx-nry
Yorta Yorta;aus-pam
Yoruba;yo
Yosondúa Mixtec;omq-mxt
Younuo Bunu;hmn
Yout Wam;ngf-fin
Yuanga;poz-cln
Yucatec Maya Sign Language;sgn
Yucatec Maya;myn
Yucuañe Mixtec;omq-mxt
Yucuna;awd-nwk
Yug;qfa-yno
Yuhup;sai-nad
Yuki;nai-ykn
Yukpa;sai-yuk
Yuma;nai-yuc
Yup'ik;ypk
Yuqui;tup-gua
Yuracare;qfa-iso
Yurok;aql
Yurutí;sai-tuc
Yutanduchi Mixtec;omq-mxt
Yuyu;aus-pam
Záparo;sai-zap
Zaachila Zapotec;omq-zap
Zabana;poz-ocw
Zacatepec Chatino;omq-cha
Zacatlán-Ahuacatlán-Tepetzintla Nahuatl;azc-nah
Zaghawa;ssa-sah
Zaiwa;tbq-brm
Zakhring;sit-mdz
Zan Gula;alv-bua
Zanaki;bnt-lok
Zande;znd
Zangskari;sit-lab
Zangwal;cdc-wst
Zaniza Zapotec;omq-zpc
Zapotec;omq-zap
Zaramo;bnt-ruv
Zari;cdc-wst
Zarma;son
Zauzou;tbq-nus
Zay;sem-eth
Zayse-Zergulla;omv-eom
Zazaki;ira-zgr
Zazao;poz-ocw
Zealandic;gmw-frk
Zeem;cdc-wst
Zemba;bnt-swb
Zenag;poz-ocw
Zenaga;ber
Zenzontepec Chatino;omq-cha
Zhang-Zhung;sit-alm
Zhire;nic-plc
Zhoa;nic-rnw
Zhuang;za
Zia;ngf
Zialo;dmn-msw
Zigula;bnt-seu
Zimakani;ngf
Zimba;bnt-lgb
Zinza;bnt-haj
Zirenkel;cdc-est
Ziriya;nic-jer
Zizilivakan;cdc-cbm
Zo'é;tup-gua
Zokhuo;tbq-phw
Zoogocho Zapotec;omq-zpc
Zotung Chin;tbq-kuk
Zou;tbq-kuk
Zulgo-Gemzek;cdc-cbm
Zulu;zuGhotuo;alv-yek
Zumaya;cdc-mas
Zuni;qfa-iso
Zuojiang Zhuang;tai-cen
Zyphe;tbq-kuk
