'Are'are;alu
ǃXóõ;nmn
Àhàn;ahn
ǀXam;xam
ǂHoan;huc
Ömie;aom
Önge;oon
ǁAni;hnh
ǁGana;gnk
Áncá;acb
ǁXegwi;xeg
Äiwoo;nfl
Äynu;aib
A'ou;aou
A-Hmao;hmd
A-Pucikwar;apq
Aari;aiw
Aasax;aas
Abé;aba
Aba;utp
Abaga;abg
Abai Sungai;abf
Abanyom;abm
Abau;aau
Abaza;abq
Abenaki;abe
Abenlen Ayta;abp
Abidji;abi
Abinomn;bsa
Abipón;axb
Abishira;ash
Abkhaz;ab
Abom;aob
Abon;abo
Abron;abr
Abu';aah
Abu;ado
Abua;abn
Abui;abz
Abun;kgr
Abung;abl
Abure;abu
Abureni;mgj
Acatepec Me'phaa;tpx
Acehnese;ace
Aché;guq
Achagua;aca
Achang;acn
Acheron;acz
Achi;acr
Acholi;ach
Achuar;acu
Achumawi;acv
Acroá;acs
Adamorobe Sign Language;ads
Adang;adn
Adangbe;adq
Adangme;ada
Adap;adp
Adele;ade
Adhola;adh
Adi;adi
Adioukrou;adj
Adithinngithigh;dth
Adivasi Odia;ort
Adiwasi Garasia;gas
Adja;ajg
Adnyamathanha;adt
Adonara;adr
Aduge;adu
Adyghe;ady
Adzera;adz
Aeka;aez
Aekyom;awi
Aequian;xae
Aer;aeq
Afade;aal
Afar;aa
Afitti;aft
Afrihili;afh
Afrikaans;af
Afro-Seminole Creole;afs
Agarabi;agd
Agariya;agi
Agatu;agc
Agavotaguerra;avo
Aghem;agq
Aghu Tharrnggala;gtu
Aghu;ahh
Aghul;agx
Aghwan;xag
Agi;aif
Agoi;ibm
Aguacateca;agu
Aguaruna;agr
Aguna;aug
Agusan Manobo;msm
Agutaynen;agn
Agwagwune;yay
Ahanta;aha
Ahirani;ahr
Ahom;aho
Ahtna;aht
Ahwai;nfd
Ai-Cham;aih
Aighon;aix
Aikanã;tba
Aiklep;mwg
Aimele;ail
Aimol;aim
Ainbai;aic
Ainu;ain
Aiome;aki
Airoran;air
Aisi;mmq
Aiton;aio
Aja;aja
Ajawa;ajw
Ajië;aji
Ajyíninka Apurucayali;cpc
Ak;akq
Aka-Bea;abj
Aka-Bo;akm
Aka-Cari;aci
Aka-Kede;akx
Aka-Kol;aky
Aka-Kora;ack
Aka (Central Africa);axk
Aka (Sudan);soh
Akan;ak
Akar-Bale;acl
Akaselem;aks
Akatek;knj
Akawaio;ake
Ake;aik
Akebu;keu
Akei;tsr
Akeu;aeu
Akha;ahk
Akhvakh;akv
Akkadian;akk
Akkala Sami;sia
Aklanon;akl
Akolet;akt
Akoose;bss
Akoye;miw
Akpa;akf
Akpes;ibe
Akrukay;afi
Akuku;ayk
Akum;aku
Akuntsu;aqz
Akurio;ako
Akuwagel;bey
Akwa;akw
Alaba;alw
Alabama;akz
Alabat Island Agta;dul
Alacatlatzala Mixtec;mim
Alago;ala
Alagwa;wbj
Alak;alk
Alamblak;amp
Alangan;alj
Alanic;xln
Alapmunte;apv
Alas-Kluet Batak;btz
Alawa;alh
Albanian;sq
Alcozauca Mixtec;xta
Alege;alf
Alekano;gah
Alemannic German;gsw
Aleut;ale
Algerian Arabic;arq
Algonquin;alq
Ali;aiy
Alladian;ald
Allar;all
Alngith;aid
Aloápam Zapotec;zaq
Alorese;aol
Alu Kurumba;xua
Alu;mte
Alugu;aub
Alumu-Tesu;aab
Alune;alp
Alur;alz
Alutiiq;ems
Alutor;alr
Alviri-Vidari;avd
Alyawarr;aly
Ama;amm
Amahai;amq
Amahuaca;amc
Amaimon;ali
Amal;aad
Amanab;amn
Amanayé;ama
Amara;aie
Amarakaeri;amr
Amarasi;aaz
Amatlán Zapotec;zpo
Amba;rwm
Ambai;amk
Ambakich;aew
Ambala Ayta;abc
Ambelau;amv
Ambele;ael
Amblong;alm
Ambo;amb
Ambonese Malay;abs
Ambrak;aag
Ambul;apo
Ambulas;abt
Amdang;amj
Amele;aey
American Sign Language;ase
Amganad Ifugao;ifa
Amharic;am
Ami;amy
Amis;ami
Amo;amo
Amol;alx
Amoltepec Mixtec;mbz
Amondawa;adw
Ampanang;apg
Ampari Dogon;aqd
Amri Karbi;ajz
Amto;amt
Amurdag;amg
Anāl;anm
Ana Tinga Dogon;dti
Anaang;anw
Anakalangu;akg
Anam;pda
Anambé;aan
Anasi;bpo
Ancient Greek;grc
Ancient Ligurian;xlg
Ancient Macedonian;xmk
Ancient North Arabian;xna
Andai;afd
Andajin;ajn
Andalusian Arabic;xaa
Andaman Creole Hindi;hca
Andarum;aod
Andegerebinha;adg
Andh;anr
Andi;ani
Andio;bzb
Andoa;anb
Andoque;ano
Andra-Hus;anx
Aneityum;aty
Anem;anz
Aneme Wake;aby
Angaataha;agm
Angaité;aqt
Angal Enen;aoe
Angal Heneng;akh
Angal;age
Angami;njm
Angguruk Yali;yli
Angika;anp
Angkamuthi;avm
Angkola Batak;akb
Angloromani;rme
Angolar;aoa
Angor;agg
Angoram;aog
Anguthimri;awg
Anii;blo
Animere;anf
Anindilyakwa;aoi
Anjam;boj
Ankave;aak
Anmatyerre;amx
Annobonese;fab
Anong;nun
Anor;anj
Anserma;ans
Ansus;and
Antakarinya;ant
Antigua and Barbuda Creole English;aig
Antillean Creole;gcf
Anu;anl
Anuak;anu
Anufo;cko
Anuki;aui
Anus;auq
Anuta;aud
Anyi;any
Anyin Morofo;mtb
Ao;njo
Aoheng;pni
Aore;aor
Apalaí;apy
Apalachee;xap
Apali;ena
Apasco-Apoala Mixtec;mip
Apatani;apt
Apiaká;api
Apinayé;apn
Apma;app
Aproumu Aizi;ahp
Apurinã;apu
Aputai;apx
Aquitanian;xaq
Arabana;ard
Arabela;arl
Arabic;ar
Aragonese;an
Araki;akr
Arakwal;rkw
Aralle-Tabulahan;atq
Aramaic;arc
Arammba;stk
Aranadan;aaf
Arandai;jbj
Araona;aro
Arapaho;arp
Arapaso;arj
Arara-Karo;arr
Ararandewára;xaj
Araweté;awt
Arawum;awm
Arbore;arv
Archi;aqc
Are;mwc
Areba;aea
Arem;aem
Argentine Sign Language;aed
Argobba;agj
Arguni;agf
Arhö;aok
Arhâ;aqr
Arhuaco;arh
Ari;aac
Aribwatsa;laz
Aribwaung;ylu
Arifama-Miniafia;aai
Arigidi;aqg
Arikapú;ark
Arikara;ari
Arikem;ait
Arin;xrn
Aringa;luc
Armenian;hy
Aromanian;rup
Arop-Lokep;apr
Arop-Sissano;aps
Arosi;aia
Arta;atz
Aruá;arx
Arua;aru
Aruamu;msy
Aruek;aur
Aruop;lsr
As;asz
Asaro'o;mtv
Ashéninka Pajonal;cjo
Ashéninka Perené;prq
Asháninka;cni
Ashe;ahs
Ashkun;ask
Asi;bno
Asilulu;asl
Askopan;eiv
Asoa;asv
Assamese;as
Assan;xss
Assiniboine;asb
Assyrian Neo-Aramaic;aii
Asturian;ast
Asu;aum
Asumboa;aua
Asunción Mixtepec Zapotec;zoo
Asuri;asr
Ata Manobo;atd
Ata;atm
Atakapa;aqp
Atampaya;amz
Atatláhuca Mixtec;mib
Atayal;tay
Atemble;ate
Ateso;teo
Athpare;aph
Ati;atk
Atikamekw;atj
Atohwaim;aqm
Atong (Cameroon);ato
Atong (India);aot
Atorada;aox
Atsahuaca;atc
Atsam;cch
Atsugewi;atw
Attapady Kurumba;pkr
Attié;ati
Au;avt
Auhelawa;kud
Aukan;djk
Aulua;aul
Aurá;aux
Aushi;auh
Aushiri;avs
Auslan;asf
Austral;aut
Australian Aboriginal Sign Language;asw
Australian Kriol;rop
Austrian Sign Language;asq
Austronesian Mari;hob
Auwe;smf
Auyana;auy
Auye;auu
Auyokawa;auo
Avá-Canoeiro;avv
Avar;av
Avatime;avn
Avau;avb
Avava;tmb
Avestan;ae
Avikam;avi
Avokaya;avu
Awa-Cuaiquer;kwi
Awa (China);vwa
Awa (New Guinea);awb
Awabakal;awk
Awadhi;awa
Awak;awo
Awar;aya
Awara;awx
Awbono;awh
Aweer;bob
Awera;awr
Awetí;awe
Awing;azo
Awjila;auj
Awngi;awn
Awngthim;gwm
Awtuw;kmn
Awun;aww
Awutu;afu
Awyi;auw
Axamb;ahb
Ayabadhu;ayd
Ayere;aye
Ayerrerenge;axe
Ayi;ayq
Ayizo;ayb
Aymara;ay
Ayoquesco Zapotec;zaf
Ayoreo;ayo
Ayu;ayu
Ayutla Mixtec;miy
Azeri;az
Azha;aza
Azoyú Me'phaa;tpc
Baagandji;drl
Baan;bvj
Baangi;bqx
Baatonum;bba
Baba Malay;mbf
Baba;bbw
Babango;bbm
Babanki;bbk
Babatana;baa
Babine-Witsuwit'en;bcr
Babole;bvx
Babungo;bav
Babuza;bzg
Bacama;bcy
Bacanese Malay;btj
Bactrian;xbc
Bada;bhz
Badaga;bfq
Badanchi;bau
Bade;bde
Badeshi;bdz
Badimaya;bia
Baduy;bac
Badyara;pbp
Baeggu;bvd
Baekje;pkc
Baelelea;bvc
Baetora;btr
Bafanji;bfj
Bafaw;bwt
Bafia;ksf
Bafut;bfd
Baga Kaloum;bqf
Baga Koga;bgo
Baga Manduri;bmd
Baga Pokur;bcg
Baga Sitemu;bsp
Baga Sobané;bsv
Bagheli;bfy
Bagirmi;bmi
Bagri;bgq
Bagupi;bpi
Bagusa;bqb
Bagvalal;kva
Baham;bdw
Bahamian Creole;bah
Baharna Arabic;abv
Bahau;bhv
Bahinemo;bjh
Bahing;bhj
Bahnar;bdq
Bahonsuai;bsu
Bai;bdj
Baibai;bbf
Baikeno;bkx
Baimak;bmx
Bainouk-Gunyaamolo;bcz
Bainouk-Gunyuño;bab
Bainouk-Samik;bcb
Baiso;bsw
Baissa Fali;fah
Bajan;bjs
Bajelani;bjm
Bajjika;vjk
Baka;bkc
Bakairí;bkq
Bakaka;bqz
Bakhtiari;bqi
Baki;bki
Bakoko;bkh
Bakole;kme
Bakpinka;bbs
Bakulung;bbu
Bakumpai;bkr
Bakung;xkl
Bakwé;bjw
Balaesang;bls
Balangao;blw
Balangingi;sse
Balanta-Ganja;bjt
Balanta-Kentohe;ble
Balantak;blz
Balau;blg
Baldemu;bdn
Bali;bcp
Balinese Malay;mhp
Balinese;ban
Balkan Gagauz Turkish;bgx
Balkan Romani;rmn
Balo;bqo
Baloi;biz
Balti;bft
Baltic Romani;rml
Baluan-Pam;blq
Baluchi;bal
Bamali;bbq
Bambalang;bmo
Bambam;ptu
Bambara;bm
Bambassi;myf
Bambili-Bambui;baw
Bamenyam;bce
Bamu;bcf
Bamukumbit;bqt
Bamum;bax
Bamunka;bvm
Bamwe;bmg
Bana;bcw
Banao Itneg;bjx
Banaro;byz
Banda-Bambari;liy
Banda-Banda;bpd
Banda-Mbrès;bqk
Banda-Ndélé;bfl
Banda Malay;bpq
Banda;bnd
Bandi;bza
Bandial;bqj
Bandjalang;bdy
Bangala;bxg
Bangandu;bgf
Bangba;bbe
Banggai;bgz
Bangi;bni
Bangime;dba
Bangka;mfb
Bangolan;bgj
Bangubangu;bnx
Bangwinji;bsj
Baniva;bvv
Baniwa;bwi
Banjarese;bjn
Banka;bxw
Bankan Tey Dogon;dbw
Bankon;abb
Banoni;bcm
Bantawa;bap
Bantayanon;bfx
Bantik;bnq
Baoule;bci
Barí;mot
Baré;bae
Baraamu;brd
Barai;bbb
Barakai;baj
Baram Kayan;kys
Barama;bbg
Barambu;brm
Baramu;bmz
Barapasi;brp
Baras;brs
Barasana;bsn
Barbareño;boi
Barclayville Grebo;gry
Bardi;bcj
Barein;bva
Bargam;mlp
Bari;bfa
Bariai;bch
Bariji;bjc
Barikanchi;bxo
Barikewa;jbk
Barngarla;bjb
Barok;bjk
Barombi;bbi
Barrow Point;bpt
Baruga;bjz
Baruya;byr
Barwe;bwg
Barzani Jewish Neo-Aramaic;bjf
Basa-Gumna;bsl
Basa-Gurmana;buj
Basa;bzw
Basaa;bas
Basap;bdb
Basay;byq
Bashkardi;bsg
Bashkir;ba
Basketo;bst
Basque;eu
Bassa-Kontagora;bsr
Bassa;bsq
Bassari;bsc
Bassossi;bsi
Bata;bta
Bataan Ayta;ayt
Batad Ifugao;ifb
Batanga;bnm
Batek;btq
Bateri;btv
Bathari;bhm
Bati (Cameroon);btc
Bati (Indonesia);bvt
Bats;bbl
Batu;btu
Batui;zbt
Batuley;bay
Bau Bidayuh;sne
Bau;bbd
Bauchi;bsf
Baure;brg
Bauria;bge
Bauro;bxa
Bauwaki;bwk
Bauzi;bvz
Bavarian;bar
Bawm Chin;bgr
Bay Miwok;mkq
Bayali;bjy
Baybayanon;bvy
Baygo;byg
Bayono;byl
Bayot;bda
Bayungu;bxj
Beami;beo
Beaver;bea
Beba;bfp
Bebe;bzv
Bebele;beb
Bebeli;bek
Bebil;bxp
Bedik;tnr
Bedjond;bjv
Bedoanas;bed
Beeke;bkf
Beele;bxq
Beembe;beq
Beezen;bnz
Befang;bby
Begbere-Ejar;bqv
Beja;bej
Bekati';bei
Bekwarra;bkv
Bekwel;bkw
Belait;beg
Belanda Bor;bxb
Belanda Viri;bvi
Belarusian;be
Belhariya;byw
Beli;blm
Belizean Creole;bzj
Bella Coola;blc
Bellari;brw
Bemba;bem
Bembe;bmb
Ben Tey;dbt
Bena;yun
Benabena;bef
Bench;bcq
Bende;bdp
Bendi;bct
Beneraf;bnv
Beng;nhb
Benga;bng
Bengali;bn
Benggoi;bgy
Bentong;bnu
Benyadu';byd
Bepour;bie
Bera;brf
Berakou;bxv
Berau Malay;bve
Berawan;lod
Berbice Creole Dutch;brc
Berik;bkl
Berinomo;bit
Berom;bom
Berta;wti
Berti;byt
Besisi;mhe
Besme;bes
Besoa;bep
Betaf;bfe
Betawi;bew
Bete-Bendi;btt
Bete;byf
Betta Kurumba;xub
Bezhta;kap
Bhadrawahi;bhd
Bharia;bha
Bhatri;bgw
Bhattiyali;bht
Bhele;bhy
Bhilali;bhi
Bhili;bhb
Bhojpuri;bho
Bhunjia;bhu
Biafada;bif
Biage;bdf
Biak;bhw
Biali;beh
Bian Marind;bpv
Biangai;big
Biao-Jiao Mien;bje
Biao;byk
Biatah Bidayuh;bth
Bibaali;bcn
Bidiyo;bid
Bidyara;bym
Bidyogo;bjg
Biem;bmc
Bierebo;bnk
Bieria;brj
Biete;biu
Big Nambas;nmb
Biga;bhc
Bigambal;xbe
Bih;ibh
Bihari;bh
Bijori;bix
Bikaru;bic
Bikol Central;bcl
Bikya;byb
Bila;bip
Bilakura;bql
Bilaspuri;kfs
Bilba;bpz
Bilbil;brz
Bile;bil
Biliau;bcu
Biloxi;bll
Bilua;blb
Bilur;bxf
Bima;bhp
Bimin;bhl
Bimoba;bim
Bina;bmn
Binahari;bxz
Binandere;bhg
Binawa;byj
Bine;bon
Binji;bpj
Binongan Itneg;itb
Bintauna;bne
Bintulu;bny
Binukid;bkd
Binumarien;bjr
Bipi;biq
Birao;brr
Birgid;brk
Birgit;btf
Birhor;biy
Biri;bzr
Biritai;bqq
Birri;bvq
Birrpayi;xbj
Birwa;brl
Biseni;ije
Bishnupriya Manipuri;bpy
Bishuo;bwh
Bisis;bnw
Bislama;bi
Bisorio;bir
Bissa;bib
Bisu;bzi
Bit;bgk
Bitare;brt
Biwat;bwm
Biyo;byo
Biyom;bpm
Blablanga;blp
Blackfoot;bla
Blafe;bfh
Blagar;beu
Blang;blr
Blin;byn
Bo-Rukul;mae
Boano (Maluku);bzn
Boano (Sulawesi);bzl
Bobongko;bgb
Bobot;bty
Bodo (Central Africa);boy
Bodo (India);brx
Bodo Gadaba;gbj
Bodo Parja;bdv
Bofi;bff
Boga;bvw
Bogaya;boq
Boghom;bux
Boguru;bqu
Bohtan Neo-Aramaic;bhn
Boikin;bzf
Boko;bqc
Bokobaru;bus
Bokoto;bdt
Bokyi;bky
Bola;bnp
Bolango;bld
Bole;bol
Bolgo;bvo
Bolia;bli
Bolinao;smk
Bolivian Sign Language;bvl
Boloki;bkt
Bolon;bof
Bolondo;bzm
Bolongan;blj
Bolyu;ply
Bom;bmf
Bomboli;bml
Bomboma;bws
Bomitaba;zmx
Bomu;bmq
Bomwali;bmw
Bonan;peh
Bondei;bou
Bondo;bfw
Bondoukou Kulango;kzc
Bondum Dom Dogon;dbu
Bonerate;bna
Bonggi;bdg
Bonggo;bpg
Bongili;bui
Bongo;bot
Bongu;bpu
Bonjo;bok
Bonkeng;bvg
Bonkiman;bop
Bookan;bnb
Boon;bnl
Boor;bvf
Borôro;bor
Bora;boa
Borei;gai
Borong;ksr
Boruca;brn
Boselewa;bwf
Bosngun;bqs
Bote-Majhi;bmj
Botlikh;bph
Botolan Sambal;sbl
Bouyei;pcc
Bozaba;bzo
Bragat;aof
Brahui;brh
Braj;bra
Brazilian Sign Language;bzs
Brem;buq
Breri;brq
Breton;br
Bribri;bzd
British Sign Language;bfi
Brokkat;bro
Brokpake;sgt
Brokskat;bkk
Brooke's Point Palawano;plw
Broome Pearling Lugger Pidgin;bpl
Brunei Bisaya;bsb
Brunei Malay;kxd
Bu-Nao Bunu;bwx
Bu;jid
Bua;bub
Bualkhaw Chin;cbl
Buamu;box
Bube;bvb
Bubi;buw
Bubia;bbx
Budibud;btp
Budong-Budong;bdx
Budu;buu
Budukh;bdk
Buduma;bdm
Budza;bja
Bugan;bbh
Bughotu;bgt
Buginese;bug
Buglere;sab
Bugun;bgg
Buhi'non Bikol;ubl
Buhid;bku
Buhutu;bxh
Bujhyal;byh
Bukar-Sadung Bidayuh;sdo
Bukat;bvk
Bukawa;buk
Bukhari;bhh
Bukit Malay;bvu
Bukitan;bkn
Bukiyip;ape
Bukusu;bxk
Bulgar;xbo
Bulgarian;bg
Bulgebi;bmp
Buli (Ghana);bwu
Buli (Indonesia);bzq
Bulo Stieng;sti
Bulu (Cameroon);bum
Bulu (New Guinea);bjl
Bum;bmv
Bumaji;byp
Bumbita Arapesh;aon
Bumthangkha;kjz
Bun;buv
Buna;bvn
Bunaba;bck
Bunak;bfn
Bunama;bdd
Bundeli;bns
Bung;bqd
Bungain;but
Bungku;bkz
Bungu;wun
Bunoge;dgb
Bunun;bnn
Buol;blf
Bura Mabang;mde
Bura;bwr
Burak;bys
Buraka;bkg
Burarra;bvr
Burate;bti
Burduna;bxn
Bure;bvh
Burji;bji
Burmbar;vrt
Burmese;my
Burmeso;bzu
Buru (Indonesia);mhs
Buru (Nigeria);bqw
Burui;bry
Burumakok;aip
Burun;bdi
Burunge;bds
Burushaski;bsk
Burusu;bqr
Buruwai;asi
Buryat;bua
Busa;bqp
Busam;bxs
Busami;bsm
Busang Kayan;bfg
Bushoong;buf
Buso;bso
Busoa;bup
Bussa;dox
Busuu;bju
Butbut Kalinga;kyb
Butmas-Tur;bnr
Butuanon;btw
Buwal;bhs
Buyeo;xpy
Buyu;byi
Bwa;bww
Bwaidoka;bwd
Bwanabwana;tte
Bwatoo;bwa
Bwe Karen;bwe
Bwela;bwl
Bwile;bwc
Bwisi;bwz
Byangsi;bee
Cèmuhî;cam
Caac;msq
Cabécar;cjp
Cabiyarí;cbb
Cacaloxtepec Mixtec;miu
Cacaopera;ccr
Cacgia Roglai;roc
Cacua;cbv
Caddo;cad
Cafundó;ccd
Cahuarano;cah
Cahuilla;chl
Cajonos Zapotec;zad
Caka;ckx
Cakfem-Mushere;cky
Caló;rmq
Calamian Tagbanwa;tbk
Caluyanun;clu
Camarines Norte Agta;abd
Cameroon Mambila;mcu
Cameroon Pidgin;wes
Campalagian;cml
Camsá;kbh
Camtho;cmt
Candoshi-Shapra;cbu
Canela;ram
Canichana;caz
Cantonese;yue
Caolan;mlc
Capanahua;kaq
Capiznon;cps
Cappadocian Greek;cpg
Caquinte;cot
Car Nicobarese;caq
Cara;cfd
Carabayo;cby
Caramanta;crf
Carapana;cbc
Carian;xcr
Caribbean Hindustani;hns
Caribbean Javanese;jvn
Carijona;cbd
Carolina Algonquian;crr
Carolinian;cal
Carpathian Romani;rmc
Carpathian Rusyn;rue
Carrier;crx
Cashibo-Cacataibo;cbr
Cashinahua;cbs
Casiguran Dumagat Agta;dgc
Casuarina Coast Asmat;asc
Catalan Sign Language;csc
Catalan;ca
Catawba;chc
Cauca;cca
Cavineña;cav
Cayubaba;cyb
Cayuga;cay
Cebuano;ceb
Celtiberian;xce
Cen;cen
Centúúm;cet
Central Asmat;cns
Central Atlas Tamazight;tzm
Central Awyu;awu
Central Bai;bca
Central Bontoc;lbk
Central Cagayan Agta;agt
Central Dusun;dtp
Central Grebo;grv
Central Huasteca Nahuatl;nch
Central Kurdish;ckb
Central Mahuatlán Zapoteco;zam
Central Malay;pse
Central Masela;mxz
Central Mazahua;maz
Central Melanau;mel
Central Min;czo
Central Mnong;cmo
Central Nahuatl;nhn
Central Nicobarese;ncb
Central Ojibwa;ojc
Central Palawano;plc
Central Pame;pbs
Central Pomo;poo
Central Puebla Nahuatl;ncx
Central Sama;sml
Central Siberian Yupik;ess
Central Sierra Miwok;csm
Central Subanen;syb
Central Tagbanwa;tgt
Central Tarahumara;tar
Central Tunebo;tuf
Cerma;cme
Ch'orti';caa
Chácobo;cao
Chaap Wuurong;tjw
Chachi;cbi
Chadian Arabic;shu
Chadian Sign Language;cds
Chagatai;chg
Chaima;ciy
Chak;ckh
Chakali;cli
Chakma;ccp
Chala;cll
Chaldean Neo-Aramaic;cld
Chali;tgf
Chamacoco;ceg
Chamalal;cji
Chamba Daka;ccg
Chamba Leko;ndi
Chambeali;cdh
Chambri;can
Chamicuro;ccc
Chamling;rab
Chamorro;ch
Chané;caj
Chang;nbc
Changriwa;cga
Changthang;cna
Chantyal;chx
Chara;cra
Chaura;crv
Chavacano;cbk
Chayahuita;cbt
Chayuco Mixtec;mih
Chazumba Mixtec;xtb
Chechen;ce
Cheke Holo;mrn
Chemakum;xch
Chenapian;cjn
Chenchu;cde
Chenoua;cnu
Chepang;cdm
Cherepon;cpn
Cherokee;chr
Chetco-Tolowa;ctc
Chewong;cwg
Cheyenne;chy
Chhattisgarhi;hne
Chhintange;ctn
Chhulung;cur
Chiapanec;cip
Chibcha;chb
Chicahuaxtla Triqui;trs
Chichewa;ny
Chichicapan Zapotec;zpv
Chichimeca-Jonaz;pei
Chichonyi-Chidzihana-Chikauma;coh
Chickasaw;cic
Chicomuceltec;cob
Chiduruma;dug
Chigmecatitlán Mixtec;mii
Chilcotin;clc
Chilean Sign Language;csg
Chilisso;clh
Chiltepec Chinantec;csa
Chimalapa Zoque;zoh
Chimariko;cid
Chimila;cbg
Chinali;cih
Chinese Pidgin English;cpi
Chinook Jargon;chn
Chinook;chh
Chipaya;cap
Chipewyan;chp
Chiquihuitlán Mazatec;maq
Chiquitano;cax
Chiricahua;apm
Chiripá;nhd
Chiru;cdf
Chitimacha;ctm
Chittagonian;ctg
Chiwere;iow
Choapan Zapotec;zpc
Chocangaca;cgk
Chochotec;coz
Choctaw;cho
Chodri;cdi
Chokwe;cjk
Chol;ctu
Chong;cog
Chopi;cce
Chothe Naga;nct
Chrau;crw
Chru;cje
Chuabo;chw
Chuanqiandian Cluster Miao;cqd
Chuave;cjv
Chug;cvg
Chuj;cac
Chuka;cuh
Chukchi;ckt
Chulym;clw
Chumburung;ncu
Churahi;cdj
Chut;scb
Chuukese;chk
Chuvan;xcv
Chuvash;cv
Ci Gbe;cib
Cia-Cia;cia
Cibak;ckl
Cicipu;awc
Cimbrian;cim
Cinamiguin Manobo;mkx
Cinda-Regi-Tiyal;cdr
Cineni;cie
Cinta Larga;cin
Cishingini;asg
Classical Gaelic;ghc
Classical Mandaic;myz
Classical Mongolian;cmg
Classical Nahuatl;nci
Classical Newar;nwc
Classical Quechua;qwc
Classical Syriac;syc
Classical Tibetan;xct
Coast Miwok;csi
Coastal Kadazan;kzj
Coastal Konjo;kjc
Coatecas Altas Zapotec;zca
Coatepec Nahuatl;naz
Coatlán Mixe;mco
Coatlán Zapotec;zps
Coatzospan Mixtec;miz
Cocama;cod
Cochimi;coj
Cocopa;coc
Cocos Islands Malay;coa
Coeur d'Alene;crd
Cofán;con
Cogui;kog
Colombian Sign Language;csn
Colonia Tovar German;gct
Columbia-Wenatchi;col
Comaltepec Chinantec;cco
Comanche;com
Como Karim;cfg
Comox;coo
Coos;csz
Copainalá Zoque;zoc
Copala Triqui;trc
Coptic;cop
Coquille;coq
Cora;crn
Cori;cry
Cornish;kw
Corsican;co
Cosoleacaque Nahuatl;nhk
Costa Rican Sign Language;csr
Cotabato Manobo;mta
Cowlitz;cow
Coyaima;coy
Coyotepec Popoloca;pbf
Coyutla Totonac;toc
Cree;cr
Creek;mus
Crimean Tatar;crh
Cross River Mbembe;mfn
Crow;cro
Cruzeño;crz
Cốông;cnc
Cua;cua
Cuban Sign Language;csf
Cubeo;cub
Cuiba;cui
Cuitlatec;cuy
Culina;cul
Cumanagoto;cuo
Cun;cuq
Cung;cug
Cupeño;cup
Curonian;xcu
Curripaco;kpc
Cutchi-Swahili;ccl
Cuvok;cuv
Cuyamecalco Mixtec;xtu
Cuyunon;cyo
Cwi Bwamu;bwy
Cypriot Arabic;acy
Czech Sign Language;cse
Czech;cs
Dâw;kwa
Da'a Kaili;kzf
Daai Chin;dao
Daakaka;bpa
Daasanach;dsh
Daba;dbq
Dabe;dbe
Dacian;xdc
Dadi Dadi;dda
Dadibi;mps
Dadiya;dbd
Daga;dgz
Dagaari Dioula;dgd
Dagba;dgk
Dagbani;dag
Dagik;dec
Dagoman;dgn
Dahalik;dlk
Dahalo;dal
Daho-Doo;das
Dai;dij
Dair;drb
Dairi Batak;btd
Dakota;dak
Dakpa;dka
Dalmatian;dlm
Daloa Bété;bev
Dama (Nigeria);dmm
Damakawa;dam
Dambi;dac
Dampelas;dms
Dan;dnj
Danaru;dnr
Dandami Maria;daq
Dangaléat;daa
Danish Sign Language;dsl
Danish;da
Dano;aso
Danu;dnv
Danuwar;dhw
Dao;daz
Daonda;dnd
Dar Daju Daju;djc
Dar Fur Daju;daj
Dar Sila Daju;dau
Darai;dry
Dargwa;dar
Darkinjung;xda
Darlong;dln
Daro-Matu Melanau;dro
Dass;dot
Datooga;tcc
Daungwurrung;dgw
Daur;dta
Davawenyo;daw
Dawawa;dww
Dawera-Daweloor;ddw
Dawro;dwr
Day;dai
Dayi;dax
Dazaga;dzg
Deccani;dcc
Dedua;ded
Defaka;afn
Defi Gbe;gbh
Deg Xinag;ing
Deg;mzw
Degema;deg
Degenan;dge
Dehwari;deh
Delo;ntr
Dem;dem
Dema;dmx
Demisa;dei
Demta;dmy
Dení;dny
Dena'ina;tfn
Dendi;ddn
Dengese;dez
Dengka;dnk
Deno;dbb
Denya;anv
Deori;der
Desano;des
Desiya;dso
Dewoin;dee
Dghwede;dgh
Dhaiso;dhs
Dhalandji;dhl
Dhangu;dhg
Dharug;xdk
Dhatki;mki
Dhimal;dhi
Dhivehi;dv
Dhodia;dho
Dhofari Arabic;adf
Dhudhuroa;ddr
Dhundhari;dhd
Dhungaloo;dhx
Dhurga;dhu
Dhuwal;dwu
Dhuwaya;dwy
Dia;dia
Dibabawon Manobo;mbd
Dibiyaso;dby
Dibo;dio
Dicamay Agta;duy
Didinga;did
Dieri;dif
Digo;dig
Dii;dur
Dijim-Bwilim;cfa
Dilling;dil
Dimasa;dis
Dimbong;dii
Dineor;mrx
Ding;diz
Dinka;din
Diodio;ddi
Dirasha;gdl
Diri;dwa
Dirim;dir
Disa;dsi
Ditidaht;dtd
Diuxi-Tilantongo Mixtec;xtd
Dixon Reef;dix
Dizin;mdx
Djadjawurrung;dja
Djambarrpuyngu;djr
Djangun;djf
Djauan;djn
Djawi;djw
Djimini;dyi
Djinang;dji
Djinba;djb
Djiwarli;djl
Dobel;kvo
Dobu;dob
Doe;doe
Doga;dgg
Doghoro;dgx
Dogosé;dos
Dogri;doi
Dogrib;dgr
Dogul Dom;dbg
Doka;dbi
Doko-Uyanga;uya
Dolgan;dlg
Dom;doa
Domaaki;dmk
Domari;rmt
Dominican Sign Language;doq
Dompo;doy
Domu;dof
Domung;dev
Dondo;dok
Dong;doh
Dongo;doo
Dongolawi;kzh
Dongxiang;sce
Donno So Dogon;dds
Doondo;dde
Dori'o;dor
Dorig;wwo
Dorze;doz
Doso;dol
Doteli;dty
Doura;don
Doutai;tds
Doyayo;dow
Drehu;dhv
Drung;duu
Duala;dua
Duano;dup
Duau;dva
Dubu;dmu
Dugun;ndu
Duguri;dbm
Dugwor;dme
Duhwa;kbz
Dulbu;dbo
Duli;duz
Duma;dma
Dumbea;duf
Dumi;dus
Dumpas;dmv
Dumun;dui
Duna;duc
Dungan;dng
Dungra Bhil;duh
Dungu;dbv
Dupaningan Agta;duo
Dura;drq
Duri;mvp
Duriankere;dbn
Duruwa;pci
Dusner;dsn
Dusun Deyah;dun
Dusun Malang;duq
Dusun Witu;duw
Dutch Sign Language;dse
Dutch;nl
Duun;dux
Duupa;dae
Duvle;duv
Duwai;dbp
Duwet;gve
Dwang;nnu
Dyaabugay;dyy
Dyaberdyaber;dyb
Dyan;dya
Dyangadi;dyn
Dyirbal;dbl
Dyugun;dyd
Dyula;dyu
Dzala;dzl
Dzando;dzn
Dzodinka;add
Dzongkha;dz
Dzuun;dnn
E;eee
East Damar;dmr
East Franconian;vmf
East Futuna;fud
East Makian;mky
East Masela;vme
East Nyala;nle
East Yugur;yuy
Eastern Acipa;acp
Eastern Arrernte;aer
Eastern Bolivian Guaraní;gui
Eastern Bontoc;ebk
Eastern Bru;bru
Eastern Canadian Inuktitut;ike
Eastern Cham;cjm
Eastern Durango Nahuatl;azd
Eastern Gorkha Tamang;tge
Eastern Gurung;ggn
Eastern Highland Chatino;cly
Eastern Highland Otomi;otm
Eastern Huasteca Nahuatl;nhe
Eastern Katu;ktv
Eastern Kayah;eky
Eastern Keres;kee
Eastern Lawa;lwl
Eastern Magar;mgp
Eastern Maninkakan;emk
Eastern Mari;mhr
Eastern Meohang;emg
Eastern Min;cdo
Eastern Mnong;mng
Eastern Ngad'a;nea
Eastern Ojibwa;ojg
Eastern Parbate Kham;kif
Eastern Penan;pez
Eastern Pomo;peb
Eastern Pwo;kjp
Eastern Subanun;sfe
Eastern Tamang;taj
Eastern Tawbuid;bnj
Eastern Xwla Gbe;gbx
Ebira;igb
Eblaite;xeb
Ebrié;ebr
Ebughu;ebg
Ecuadorian Sign Language;ecs
Ede Cabe;cbj
Ede Ica;ica
Ede Idaca;idd
Ede Ije;ijj
Ede Nago;nqg
Edera Awyu;awy
Edo;bin
Edolo;etr
Edomite;xdm
Edopi;dbf
Efai;efa
Efe;efe
Efik;efi
Efutop;ofu
Ega;ega
Eggon;ego
Egyptian Arabic;arz
Egyptian;egy
Ehueun;ehu
Eipomek;eip
Eitiep;eit
Ejagham;etu
Ejamat;eja
Ekajuk;eka
Ekari;ekg
Ekele;khy
Eki;eki
Ekit;eke
Ekpeye;ekp
El Alto Zapotec;zpp
El Hugeirat;elh
El Molo;elo
Elamite;elx
Eleme;elm
Elepi;ele
Elfdalian;ovd
Elip;ekm
Elkei;elk
Elotepec Zapotec;zte
Eloyi;afo
Elu;elu
Elymian;xly
Emae;mmw
Emai;ema
Eman;emn
Embaloh;emb
Emberá-Baudó;bdc
Emberá-Catío;cto
Emberá-Chamí;cmi
Emberá-Tadó;tdc
Embu;ebu
Emerillon;eme
Emilian;egl
Emplawas;emw
En;enc
Enawené-Nawé;unk
Ende;end
Enga;enq
Engenni;enn
Enggano;eno
English;en
Enlhet;enl
Enwan;env
Enwang;enw
Enxet;enx
Enya;gey
Eotile;eot
Epena;sja
Epie;epi
Epigraphic Mayan;emy
Eravallan;era
Ere;twp
Eritai;ert
Erokwanas;erw
Erre;err
Erromintxela;emx
Ersu;ers
Eruwa;erh
Erzya;myv
Esan;ish
Ese Ejja;ese
Ese;mcq
Eshtehardi;esh
Esimbi;ags
Eskayan;esy
Esperanto;eo
Esselen;esq
Estado de México Otomi;ots
Estonian Sign Language;eso
Estonian;et
Esuma;esm
Etchemin;etc
Etebi;etb
Eten;etx
Etkywan;ich
Eton (Cameroon);eto
Eton (Vanuatu);etn
Etruscan;ett
Etulo;utr
Evant;bzz
Even;eve
Evenki;evn
Ewe;ee
Ewondo;ewo
Extremaduran;ext
Eyak;eya
Ezaa;eza
Fagani;faf
Faire Atta;azt
Faita;faj
Faiwol;fai
Fakkanci;gel
Fala;fax
Falam Chin;cfm
Fali;fli
Faliscan;xfa
Fam;fam
Fanagalo;fng
Fanamaket;bjp
Fang (Bantu);fan
Fang (Beboid);fak
Fania;fni
Farefare;gur
Faroese;fo
Fas;fqs
Fasu;faa
Fataleka;far
Fataluku;ddg
Fayu;fau
Fe'fe';fmp
Fedan;pdn
Fembe;agl
Fer;kah
Feroge;fer
Fiji Hindi;hif
Fijian;fj
Filomena Mata-Coahuitlán Totonac;tlp
Finisterre Yau;yuw
Finnish-Swedish Sign Language;fss
Finnish Sign Language;fse
Finnish;fi
Finongan;fag
Fipa;fip
Firan;fir
Fiwaga;fiw
Flinders Island;fln
Foau;flh
Foi;foi
Foia Foia;ffi
Folopa;ppo
Foma;fom
Fon;fon
Fongoro;fgr
Foodo;fod
Forak;frq
Fordata;frd
Fore;for
Forest Enets;enf
Fortsenal;frt
Fox;sac
Francisco León Zoque;zos
Franco-Provençal;frp
French Sign Language;fsl
French;fr
Friulian;fur
Fula;ff
Fuliiru;flr
Fulniô;fun
Fum;fum
Fungwa;ula
Fur;fvr
Furu;fuu
Futuna-Aniwa;fut
Fuyug;fuy
Fwâi;fwa
Fwe;fwe
Fyam;pym
Fyer;fie
Ga'anda;gqa
Ga'dang;gdg
Ga;gaa
Gaam;tbi
Gabadi;kbt
Gabi;gbw
Gabri;gab
Gabrielino-Fernandeño;xgf
Gadang;gdk
Gaddang;gad
Gaddi;gbk
Gade;ged
Gadjerawang;gdh
Gadsup;gaj
Gafat;gft
Gagadu;gbu
Gagauz;gag
Gagnoa Bété;btg
Gahri;bfu
Gaikundi;gbf
Gaina;gcn
Gal;gap
Galambu;glo
Galatian;xga
Galela;gbi
Galeya;gar
Galice;gce
Galician;gl
Galindian;xgl
Gallurese;sdn
Galo;adl
Galoli;gal
Gamale Kham;kgj
Gambera;gma
Gamilaraay;kld
Gamit;gbl
Gamkonora;gak
Gamo-Ningi;bte
Gamo;gmv
Gan;gan
Gana;gnq
Ganang;gne
Gandhari;pgd
Gane;gzn
Ganggalida;gcd
Ganglau;ggl
Gants;gao
Ganza;gza
Ganzi;gnz
Gao;gga
Gapapaiwa;pwg
Garawa;wrk
Garhwali;gbm
Garifuna;cab
Garo;grt
Garre;gex
Garus;gyb
Gavak;dmc
Gavião do Jiparaná;gvo
Gawar-Bati;gwt
Gawwada;gwd
Gaya;zra
Gayil;gyl
Gayo;gay
Gbagyi;gbr
Gban;ggu
Gbanu;gbv
Gbanziri;gbg
Gbari;gby
Gbaya-Bossangoa;gbp
Gbaya-Bozoum;gbq
Gbaya-Mbodomo;gmm
Gbayi;gyg
Gbesi Gbe;gbs
Gbii;ggb
Gbin;xgb
Gbiri-Niragu;grh
Gboloo Grebo;gec
Gciriku;diu
Gcwi;gwj
Ge'ez;gez
Ge;hmj
Geba Karen;kvq
Gebe;gei
Gedaged;gdd
Gedeo;drs
Geji;gji
Gela;nlg
Gele';sbc
Geme;geq
Gen;gej
Gende;gaf
Gengle;geg
Georgian;ka
Gera;gew
Gerka;gek
German Sign Language;gsg
German;de
Geruma;gea
Geser-Gorom;ges
Gey;guv
Ghadames;gha
Ghanaian Sign Language;gse
Ghanongga;ghn
Ghari;gri
Ghayavi;bmk
Ghomala';bbj
Ghomara;gho
Ghulfan;ghl
Giangan;bgi
Gibanawa;gib
Gidar;gid
Gikyode;acd
Gilaki;glk
Gilbertese;gil
Gilima;gix
Gimi (Goroka);gim
Gimnime;gmn
Girawa;bbr
Giryama;nyf
Githabul;gih
Gitua;ggt
Gitxsan;git
Glavda;glw
Glosa;igs
Goaria;gig
Gobasi;goi
Godoberi;gdo
Godwari;gdx
Goemai;ank
Gofa;gof
Gogo;gog
Gogodala;ggw
Goguryeo;zkg
Gojri;gju
Gokana;gkn
Gola;gol
Golin;gvf
Golpa;lja
Gondi;gon
Gone Dau;goo
Gong;ugo
Gonja;gjn
Goo;gov
Gooniyandi;gni
Gor;gqr
Gorakor;goc
Gorap;goq
Gorontalo;gor
Gorovu;grq
Gothic;got
Gourmanchéma;gux
Gowro;gwf
Gozarkhani;goz
Grangali;nli
Grass Koiari;kbk
Grebo;grb
Greek;el
Green Hmong;hnj
Greenlandic;kl
Grenadian Creole English;gcl
Gresi;grs
Gros Ventre;ats
Guébie;gie
Gua;gwx
Guahibo;guh
Guajá;gvj
Guajajára;gub
Guambiano;gum
Guanano;gvc
Guaraní;gn
Guarayu;gyr
Guató;gta
Guatemalan Sign Language;gsm
Guayabero;guo
Gude;gde
Gudu;gdu
Guduf-Gava;gdf
Guerrero Amuzgo;amu
Guerrero Nahuatl;ngu
Guevea de Humboldt Zapotec;zpg
Gugadj;ggd
Gugu Badhun;gdc
Guhu-Samane;ghs
Guianese Creole;gcr
Guiberoua Bété;bet
Guinea-Bissau Creole;pov
Guinea Kpelle;gkp
Guinean Sign Language;gus
Gujarati;gu
Gula'alaa;gmb
Gulay;gvl
Gulf Arabic;afb
Gullah;gul
Gumalu;gmu
Gumatj;gnn
Gumawana;gvs
Gumuz;guk
Gun;guw
Gundi;gdi
Gungabula;gyf
Gungu;rub
Gunu;yas
Gunwinggu;gup
Gunya;gyy
Gupa-Abawa;gpa
Gupapuyngu;guf
Gur Lama;las
Guragone;gge
Guramalum;grz
Gurani;hac
Gurgula;ggg
Guriaso;grx
Gurindji Kriol;gjr
Gurindji;gue
Gurmana;gvm
Guro;goa
Guruntum;grd
Gusan;gsn
Gusii;guz
Gusilay;gsl
Guugu Yimidhirr;kky
Guwamu;gwu
Guya;gka
Guyanese Creole English;gyn
Guyani;gvy
Gvoko;ngs
Gwa;gwb
Gwahatike;dah
Gwamhi-Wuri;bga
Gwandara;gwn
Gweda;grw
Gweno;gwe
Gwere;gwr
Gwich'in;gwi
Gyele;gyi
Gyem;gye
Hértevin;hrt
Hän;haa
Habu;hbu
Hadiyya;hdy
Hadothi;hoj
Hadrami;xhd
Hadza;hts
Haeke;aek
Hahon;hah
Haiǁom;hgm
Haida;hai
Haigwai;hgw
Hainanese;hnm
Hainyaxo Bozo;bzx
Haisla;has
Haitian Creole;ht
Haitian Vodoun Culture Language;hvc
Hajong;haj
Hakö;hao
Hakka;hak
Halang;hal
Halbi;hlb
Halia;hla
Halkomelem;hur
Hamba;hba
Hamer-Banna;amf
Hamtai;hmt
Hanga Hundi;wos
Hanga;hag
Hani;hni
Hanoi Sign Language;hab
Hanunoo;hnn
Harari;har
Harijan Kinnauri;kjo
Haroi;hro
Harsusi;hss
Haryanvi;bgc
Harzani;hrz
Hassaniya Arabic;mey
Hattic;xht
Hausa Sign Language;hsl
Hausa;ha
Havasupai-Walapai-Yavapai;yuf
Haveke;hvk
Havu;hav
Hawai'i Pidgin Sign Language;hps
Hawaiian Creole;hwc
Hawaiian;haw
Haya;hay
Hdi;xed
Hebrew;he
Hehe;heh
Heiltsuk;hei
Helong;heg
Hema;nix
Herero;hz
Hermit;llf
Hernican;xhr
Heyo;auk
Hidatsa;hid
Higaonon;mba
Highland Oaxaca Chontal;chd
Highland Popoluca;poi
Highland Puebla Nahuatl;azz
Highland Totonac;tos
Hijazi Arabic;acw
Hiligaynon;hil
Hill Maria;mrr
Hindi;hi
Hinukh;gin
Hiri Motu;ho
Hittite;hit
Hitu;htu
Hiw;hiw
Hixkaryana;hix
Hlai;lic
Hmar;hmr
Hmwaveke;mrk
Ho Chi Minh City Sign Language;hos
Ho;hoc
Hoava;hoa
Hobyót;hoh
Holikachuk;hoi
Holma;hod
Holoholo;hoo
Holu;hol
Homa;hom
Honduran Lenca;len
Honduras Sign Language;hds
Hone;juh
Hopi;hop
Horom;hoe
Hote;hot
Hoti;hti
Hoyahoya;hhy
Hpon;hpo
Hrê;hre
Huachipaeri;hug
Huambisa;hub
Huaorani;auc
Huarijio;var
Huaulu;hud
Huautla Mazatec;mau
Huave;huv
Huaxcaleca Nahuatl;nhq
Huichol;hch
Huilliche;huh
Huitepec Mixtec;mxs
Huizhou;czh
Hukumina;huw
Hula;hul
Hulaulá;huy
Huli;hui
Humene;huf
Hun;uth
Hunde;hke
Hungarian Sign Language;hsh
Hungarian;hu
Hungworo;nat
Hunsrik;hrx
Hunzib;huz
Hupa;hup
Hupdë;jup
Hurrian;xhu
Hutterisch;geh
Hwana;hwo
Hya;hya
Hyam;jab
Iñapari;inp
Iaai;iai
Iamalele;yml
Ibaloi;ibl
Iban;iba
Ibanag;ibg
Ibatan;ivb
Iberian;xib
Ibibio;ibb
Ibino;ibn
Iboko;bkp
Icelandic Sign Language;icl
Icelandic;is
Iceve-Maci;bec
Ida'an;dbj
Idaté;idt
Idesa;ids
Idi;idi
Ido;io
Idoma;idu
Idu;clk
Idun;ldb
Ifè;ife
Ifo;iff
Igala;igl
Igana;igg
Igbo;ig
Igede;ige
Ignaciano;ign
Igo;ahl
Iguta;nar
Igwe;igw
Ihievbe;ihi
Ija-Zuba;vki
Ik;ikx
Ikizu;ikz
Iko;iki
Ikobi-Mena;meb
Ikoma;ntk
Ikpeng;txi
Ikpeshi;ikp
Ikposo;kpo
Ikulu;ikl
Ikwo;iqw
Ila;ilb
Ilgar;ilg
Ili Turki;ili
Ilianen Manobo;mbi
Illyrian;xil
Ilocano;ilo
Ilongot;ilk
Ilue;ilv
Inabaknon;abx
Inapang;mzu
Inari Sami;smn
Indo-Portuguese;idb
Indonesian Bajau;bdl
Indonesian Sign Language;inl
Indonesian;id
Indus Kohistani;mvy
Ineseño;inz
Inga;inb
Ingrian;izh
Ingush;inh
Inonhan;loc
Inor;ior
Interlingua;ia
Interlingue;ie
Interslavic;isv
Intha;int
Inuit Sign Language;iks
Inuktitut;iu
Inupiak;ik
Inuvialuktun;ikt
Ipalapa Amuzgo;azm
Ipulo;ass
Iquito;iqu
Iranun;ill
Iraqi Arabic;acm
Iraqw;irk
Irarutu;irh
Iraya;iry
Iresim;ire
Iriga Bicolano;bto
Irish Sign Language;isg
Irish;ga
Irula;iru
Isan;tts
Isanzu;isn
Isarog Agta;agk
Isconahua;isc
Ishkashimi;isk
Isinai;inn
Islander Creole English;icr
Isnag;isd
Isoko;iso
Israeli Sign Language;isr
Isthmus Mixe;mir
Isthmus Zapotec;zai
Istriot;ist
Istro-Romanian;ruo
Isu;isu
Isubu;szv
Italian Sign Language;ise
Italian;it
Itawit;itv
Itelmen;itl
Itene;ite
Ito;itw
Itsekiri;its
Itu Mbon Uzo;itm
Itundujia Mixtec;mce
Itza';itz
Iu Mien;ium
Ivatan;ivv
Iwaidja;ibd
Iwal;kbm
Ixcatlán Mazatec;mzi
Ixil;ixl
Ixtayutla Mixtec;vmj
Ixtenco Otomi;otz
Iyayu;iya
Iyive;uiv
Iyo'wujwa Chorote;crq
Iyo;nca
Iyojwa'ja Chorote;crt
Izere;izr
Izi;izz
Izon;ijc
Izora;cbo
Júma;jua
Jabem;jae
Jabutí;jbt
Jah Hut;jah
Jahanka;jad
Jair Awyu;awv
Jakaltek;jac
Jakati;jat
Jalapa de Díaz Mazatec;maj
Jalkunan;bxl
Jamaican Country Sign Language;jcs
Jamaican Creole;jam
Jamaican Sign Language;jls
Jamamadí;jaa
Jambi Malay;jax
Jamiltepec Mixtec;mxt
Jaminjung;djd
Jamsay;djm
Jandavra;jnd
Janday;jan
Jangshung;jna
Japanese Sign Language;jsl
Japanese;ja
Japrería;jru
Jaqaru;jqr
Jara;jaf
Jarai;jra
Jarawa;anq
Jaru;ddj
Jassic;ysc
Jaunsari;jns
Javanese;jv
Javindo;jvd
Jawe;jaz
Jaya;jyy
Jeh;jeh
Jeju;jje
Jemez;tow
Jenaama Bozo;bze
Jeng;jeg
Jennu Kurumba;xuj
Jeri Kuo;jek
Jeru;akj
Jibu;jib
Jicarilla;apj
Jiiddu;jii
Jimi;jmi
Jimjimen;jim
Jin;cjy
Jingpho;kac
Jita;jit
Jju;kaj
Jola-Fonyi;dyo
Jola-Kasa;csk
Jorá;jor
Jordanian Sign Language;jos
Jowulu;jow
Juǀ'hoan;ktz
Juang;jun
Juba Arabic;pga
Judeo-Italian;itk
Judeo-Persian;jpr
Judeo-Tat;jdt
Jukun Takum;jbu
Jumjum;jum
Jungle Inga;inj
Jur Modo;bex
Jurúna;jur
Jurchen;juc
Jutish;jut
Juwal;mwb
Juxtlahuaca Mixtec;vmc
Jwira-Pepesa;jwi
K'iche';quc
Kâte;kmg
Kaang Chin;ckn
Kabardian;kbd
Kabatei;xkp
Kabba-Laka;lap
Kabiyé;kbp
Kabore One;onk
Kabras;lkb
Kabuverdianu;kea
Kabwa;cwa
Kabyle;kab
Kachchi;kfr
Kadai;kzd
Kadara;kad
Kadaru;kdu
Kadiwéu;kbc
Kadu (Myanmar);zkd
Kadugli;xtc
Kaera;jka
Kafa;kbr
Kagate;syw
Kagayanen;cgc
Kagulu;kki
Kahe;hka
Kahua;agw
Kaidipang;kzp
Kaiep;kbw
Kaiku;kkq
Kaimbulawa;zka
Kaingang;kgp
Kairak;ckr
Kairiru;kxa
Kais;kzm
Kaitag;xdq
Kaiwá;kgk
Kajakse;ckq
Kajali;xkj
Kajaman;kag
Kakabai;kqf
Kakabe;kke
Kaki Ae;tbd
Kakihum;kxe
Kala Lagaw Ya;mwp
Kala;kcl
Kalabakan;kve
Kalabra;kzz
Kalagan;kqe
Kalaktang Monpa;kkf
Kalami;gwc
Kalanga;kck
Kalarko;kba
Kalasha;kls
Kalenjin;kln
Kalinago;crb
Kalkatungu;ktg
Kalkoti;xka
Kallawaya;caw
Kalmyk;xal
Kalo Finnish Romani;rmf
Kalou;ywa
Kaluli;bco
Kamakan;vkm
Kamang;woi
Kamano;kbq
Kamarian;kzx
Kamasau;kms
Kamassian;xas
Kamayurá;kay
Kamba;kam
Kambaata;ktb
Kambera;xbr
Kamberataro;kbv
Kami;kmi
Kamkata-viri;bsh
Kamta;rkt
Kanakanabu;xnb
Kanakuru;kna
Kanamari;knm
Kandas;kqw
Kandawo;gam
Kande;kbs
Kanga;kcp
Kangean;kkv
Kanggape;igm
Kangjia;kxs
Kango-Sua;kzy
Kango;kty
Kangri;xnr
Kaniet;ktk
Kanikkaran;kev
Kaninuwa;wat
Kanjari;kft
Kanju;kbe
Kankanaey;kne
Kannada;kn
Kannauji;bjj
Kanowit;kxn
Kansa;ksk
Kanufi;kni
Kanuri;kr
Kaonde;kqn
Kap;ykm
Kapampangan;pam
Kapin;tbx
Kapingamarangi;kpg
Kapriman;dju
Kaptiau;kbi
Kaqchikel-K'iche' Mixed Language;ckz
Kaqchikel;cak
Kara (New Guinea);leu
Karachay-Balkar;krc
Karadjeri;gbd
Karaim;kdr
Karajá;kpj
Karakalpak;kaa
Karakhanid;xqa
Karamojong;kdj
Karang;kzr
Karao;kyj
Karata;kpt
Karbi;mjw
Kare (Africa);kbn
Kare (New Guinea);kmf
Karekare;kai
Karelian;krl
Kari'na;car
Kari;kbj
Karingani;kgn
Karipúna Creole French;kmv
Karipuna;kuq
Kariri;kzw
Karitiâna;ktn
Kariyarra;vka
Karkar-Yuri;yuj
Karkin;krb
Karnai;bbv
Karo Batak;btx
Karok;kyh
Kasanga;ccj
Kasem;xsm
Kashaya;kju
Kashmiri;ks
Kashubian;csb
Kaska;kkz
Kaskihá;gva
Kassonke;kao
Kato;ktw
Katukina;knt
Kaure;bpp
Kaurna;zku
Kavalan;ckv
Kavet;krv
Kawésqar;alc
Kawaiisu;xaw
Kaxararí;ktx
Kaxuyana;kbb
Kayabí;kyz
Kayan;pdu
Kayapó;txu
Kayapa Kallahan;kak
Kayardild;gyd
Kayeli;kzl
Kayort;kyv
Kaytetye;gbb
Kazakh;kk
Keapara;khz
Kedah Malay;meo
Kedang;ksx
Keiga;kec
Kein;bmh
Keiyo;eyo
Kela-Yela;kel
Kelabit;kzi
Keley-I Kallahan;ify
Kemak;kem
Kemberano;bzp
Kemezung;dmo
Kemi Sami;sjk
Kenati;gat
Kendayan;knx
Kendem;kvm
Keningau Murut;kxi
Keninjal;knl
Kenswei Nsei;ndb
Kenyang;ken
Kepkiriwát;kpn
Kera;ker
Kereho;xke
Kerek;krk
Kerinci;kvr
Kesawai;xes
Ket;ket
Kewa;kew
Kgalagadi;xkv
Khün;kkh
Khakas;kjh
Khalaj;klj
Khaling;klr
Khamnigan Mongol;ykh
Khamti;kht
Khana;ogo
Khasi;kha
Khazar;zkz
Khengkha;xkf
Khetrani;xhe
Khiamniungan Naga;kix
Khinalug;kjj
Khitan;zkt
Khmer;km
Khmu;kjg
Khoekhoe;naq
Khoini;xkc
Khonso;kxc
Khorasani Turkish;kmz
Khorezmian Turkic;zkh
Khotanese;kho
Khowar;khw
Khumi Chin;cnk
Khvarshi;khv
Khwarezmian;xco
Khwe;xuu
Kibala;blv
Kibena;bez
Kickapoo;kic
Kikai;kzg
Kikami;kcu
Kikuyu;ki
Kildin Sami;sjd
Kilivila;kij
Kiliwa;klb
Kim Mun;mji
Kimaragang;kqr
Kimbundu;kmb
Kinabalian;cbw
Kinaray-a;krj
Kinga;zga
Kinikinao;gqn
Kinnauri;kfk
Kinyarwanda;rw
Kiong;kkm
Kiowa;kio
Kipchak;qwm
Kipfokomo;pkb
Kiput;kyi
Kir-Balar;kkr
Kire;geb
Kirfi;kks
Kirundi;rn
Kirya-Konzel;fkk
Kis;kis
Kisa;lks
Kisan;xis
Kisar;kje
Kistane;gru
Kitembo;tbt
Kitja;gia
Kitsai;kii
Kituba;ktu
Kla;lda
Klallam;clm
Klamath-Modoc;kla
Klingon;tlh
Knaanic;czk
Ko;fuj
Koasati;cku
Kobon;kpw
Koda;cdz
Kodava;kfa
Kodi;kod
Kofei;kpi
Kofyar;kwl
Kohistani Shina;plk
Koho;kpm
Kohumono;bcs
Koibal;zkb
Kok-Nar;gko
Kok-Paponk;okg
Kokborok;trp
Koko-Bera;kkp
Kokola;kzn
Kokota;kkk
Kol (Cameroon);biw
Kolami;kfb
Kolhe;ekl
Kolibugan Subanon;skn
Kolom;klm
Koluwawa;klx
Kom (Cameroon);bkm
Kombio;xbi
Komering;kge
Komi-Permyak;koi
Komi-Zyrian;kpv
Komi-Zyrian;kv
Kominimung;xoi
Komo;xom
Komodo;kvh
Komyandaret;kzv
Konabéré;bbo
Konda-Dora;kfc
Konda;knd
Kondekor;gau
Kongo;kg
Konkani;kok
Konkomba;xon
Kono (Guinea);knu
Kono (Nigeria);klk
Konomala;koa
Konongo;kcz
Konyak Naga;nbe
Koonzime;ozm
Koorete;kqy
Kopkaka;opk
Korana;kqz
Korean;ko
Koreguaje;coe
Koresh-e Rostam;okh
Korku;kfq
Korlai Creole Portuguese;vkp
Koro (Vanuatu);krf
Koro (West Africa);kfo
Koromfé;kfz
Koronadal Blaan;bpr
Korop;krp
Koroshi;ktl
Korra Koraga;kfd
Koryak;kpy
Kosena;kze
Koshin;kid
Kosraean;kos
Kota (Gabon);koq
Kota (India);kfe
Kota Marudu Talantang;grm
Kotava;avk
Koti;eko
Kott;zko
Kou;snz
Kove;kvc
Kowiai;kwh
Koya;kff
Koyo;koh
Koyra Chiini;khq
Koyraboro Senni;ses
Koyukon;koy
Kpala;kpl
Kpan;kpk
Kpasam;pbn
Kpati;koc
Kpelle;kpe
Kraol;rka
Krevinian;zkv
Krio;kri
Krisa;ksi
Kristang;mcm
Krobu;kxb
Krongo;kgo
Krymchak;jct
Kryts;kry
Kubi;kof
Kudmali;kyw
Kugbo;kes
Kugu-Muminh;xmh
Kui (India);kxu
Kuikúro;kui
Kuk;kfn
Kukele;kez
Kukna;kex
Kuku-Mangk;xmq
Kuku-Thaypan;typ
Kuku-Yalanji;gvn
Kulisusu;vkl
Kullu Pahari;kfx
Kulon-Pazeh;uun
Kulon;uon
Kumak;nee
Kumalu;ksl
Kuman;kue
Kumaoni;kfy
Kumarbhag Paharia;kmj
Kumhali;kra
Kumu;kmw
Kumyk;kum
Kumzari;zum
Kuna;cuk
Kunbarlang;wlg
Kunda;kdn
Kundal Shahi;shd
Kung;kfl
Kungarakany;ggk
Kungardutyi;gdt
Kuni;kse
Kunigami;xug
Kunjen;kjn
Kunyi;njx
Kupang Malay;mkn
Kur;kuv
Kuranko;knk
Kurdish;ku
Kuri;nbn
Kuria;kuj
Kurichiya;kfh
Kurnai;unn
Kurrama;vku
Kurtöp;xkz
Kurti;ktm
Kurtjar;gdj
Kuruáya;kyr
Kurudu;kjr
Kurukh;kru
Kusaal;kus
Kusaghe;ksg
Kusunda;kgg
Kutang Ghale;ght
Kutenai;kut
Kuturmi;khj
Kuuk Thaayorre;thd
Kuuk Yak;uky
Kuvale;olu
Kuvi;kxv
Kuwaa;blh
Kuwaataay;cwt
Kuy;kdt
Kven;fkv
Kwa';bko
Kwadi;kwz
Kwaio;kwd
Kwaja;kdz
Kwak'wala;kwk
Kwak;kwq
Kwalhioqua-Tlatskanai;qwt
Kwamera;tnk
Kwamtim One;okk
Kwang;kvi
Kwangali;kwn
Kwanja;knp
Kwanka;bij
Kwanyama;kj
Kwara'ae;kwf
Kwasio;nmg
Kwaya;kya
Kwere;cwe
Kwini;gww
Kwinti;kww
Kyak;bka
Kyenga;tye
Kyrgyz;ky
Lü;khb
Löyöp;urr
Láá Láá Bwamu;bwj
Láadan;ldn
Laal;gdm
Laalaa;cae
Label;lbb
Labo;mwi
Laboya;lmy
Labu;lbu
Labuk-Kinabatangan Kadazan;dtb
Lacandon;lac
Lachiguiri Zapotec;zpa
Lachixío Zapotec;zpl
Ladakhi;lbj
Ladin;lld
Ladino;lad
Laghu;lgb
Lagwan;kot
Lahanan;lhn
Lahnda;lah
Lahu;lhu
Lai;cnh
Lak;lbe
Lakalei;lka
Lake Miwok;lmw
Laki;lki
Lakon;lkn
Lakondê;lkd
Lakota Dida;dic
Lakota;lkt
Lalana Chinantec;cnl
Lama Bai;lay
Lamaholot;slp
Lamang;hia
Lamba;lam
Lambadi;lmn
Lambichhong;lmh
Lame;bma
Lamenu;lmu
Lamogai;lmg
Lampung Api;ljp
Langam;lnm
Lango (Uganda);laj
Lanima;lnw
Lao;lo
Lapaguía-Guivini Zapotec;ztl
Larëvat;lrv
Larantuka Malay;lrt
Lardil;lbz
Larestani;lrl
Larike-Wakasihu;alo
Larteh;lar
Laru;lan
Lashi;lsi
Lasi;lss
Latgalian;ltg
Latin;la
Latundê;ltn
Latvian;lv
Lau;llu
Lauan;llx
Lauje;law
Laurentian;lre
Lavatbura-Lamusong;lbv
Laven;lbo
Lavukaleve;lvk
Lawangan;lbx
Lawi;lvi
Layakha;lya
Laz;lzz
Lealao Chinantec;cle
Ledo Kaili;lew
Legbo;agb
Legenyem;lcc
Lehali;tql
Leipon;lek
Leizhou Min;luh
Lela;dri
Lelak;llk
Lele (Papua New Guinea);lle
Lelepa;lpa
Lemerig;lrz
Lemnian;xle
Lenakel;tnl
Lendu;led
Lengilu;lgi
Lengo;lgr
Lenkau;ler
Lenyima;ldg
Lepcha;lep
Lepontic;xlp
Lesing-Gelimi;let
Letemboi;nms
Leti;lti
Lewo;lww
Leyigha;ayi
Lezgi;lez
Lhao Vo;mhx
Li'o;ljl
Liberia Kpelle;xpe
Liberian Kreyol;lir
Libon Bikol;lbl
Libyan Arabic;ayl
Ligurian;lij
Lihir;lih
Liki;lio
Likum;lib
Lillooet;lil
Limassa;bme
Limbu;lif
Limbum;lmp
Limburgish;li
Limos Kalinga;kmk
Lindu;klw
Lingala;ln
Lingao;onb
Lingua Franca Nova;lfn
Linngithigh;lnj
Lipan;apl
Lipo;lpo
Lisela;lcl
Lishana Deni;lsd
Lishanid Noshan;aij
Lisu;lis
Literary Chinese;lzh
Lithuanian;lt
Litzlitz;lzl
Livonian;liv
Livvi;olo
Lo-Toga;lht
Logba;lgq
Logooli;rag
Lojban;jbo
Lokaa;yaz
Loko;lok
Lokono;arw
Lola;lcd
Lolo;llb
Loloda;loa
Lolopo;ycl
Loma;lom
Lomaiviti;lmv
Lomavren;rmi
Lombard;lmo
Lomwe;ngl
Longto;wok
Longuda;lnu
Loniu;los
Lonwolwol;crc
Lorediakarkar;lnn
Lote;uvl
Lotud;dtr
Lou;loj
Louisiana Creole;lou
Loun;lox
Loup A;xlo
Loup B;xlb
Lovono;vnk
Low German;nds
Lower Chehalis;cea
Lower Grand Valley Dani;dni
Lower Nossob;nsb
Lower Sorbian;dsb
Lower Southern Aranda;axl
Lower Tanana;taa
Lowland Oaxaca Chontal;clo
Lowland Tarahumara;tac
Loxicha Zapotec;ztp
Lozi;loz
Luang;lex
Luba-Kasai;lua
Luba-Katanga;lu
Lubila;kcc
Lubuagan Kalinga;knb
Lucumí;luq
Ludian;lud
Lufu;ldq
Luganda;lg
Luguru;ruf
Luhu;lcq
Luhya;luy
Luiseño;lui
Lukpa;dop
Lule Sami;smj
Lumba-Yakkha;luu
Lun Bawang;lnd
Lunanakha;luk
Lunda;lun
Lungga;lga
Luo;luo
Lushootseed;lut
Lusi;khl
Lusitanian;xls
Lutos;ndy
Lutuv;clt
Luvale;lue
Luwati;luv
Luwian;xlu
Luwo;lwo
Luxembourgish;lb
Lwel;lvl
Lycian;xlc
Lydian;xld
Mündü;muh
Mòcheno;mhn
Ma'anyan;mhy
Ma;msj
Maaka;mew
Maasai;mas
Maay;ymm
Maca;mca
Macaguán;mbn
Macaguaje;mcl
Macanese;mzs
Macedonian;mk
Machame;jmc
Machiguenga;mcb
Machinere;mpd
Macuna;myy
Macushi;mbc
Mada (Cameroon);mxu
Mada (Nigeria);mda
Madak;mmx
Madhi Madhi;dmd
Madi;grg
Madngele;zml
Madurese;mad
Mafa;maf
Mag-Anchi Ayta;sgb
Mag-Indi Ayta;blx
Magɨ;gkd
Magahi;mag
Magdalena Peñasco Mixtec;xtm
Magiyi;gmg
Magori;zgr
Maguindanao;mdh
Mahasu Pahari;bfz
Mahican;mjy
Maia;sks
Maiadomu;mzz
Maiani;tnh
Maii;mmm
Maindo;cwb
Mairasi;zrs
Maithili;mai
Maiwa (Indonesia);wmm
Maiwa (New Guinea);mti
Maiwala;mum
Majera;xmj
Mak (Nigeria);pbl
Makah;myh
Makalero;mjb
Makasae;mkz
Makasar;mak
Makassar Malay;mfp
Makayam;aup
Makhuwa-Marrevone;xmc
Makhuwa-Meetto;mgh
Makhuwa-Saka;xsq
Makhuwa-Shirima;vmk
Makhuwa;vmw
Makolkol;zmh
Makonde;kde
Makuráp;mpu
Mal Paharia;mkb
Maléku Jaíka;gut
Mala (New Guinea);ped
Malaccan Creole Malay;ccm
Malagasy;mg
Malalamai;mmt
Malango;mln
Malasanga;mqz
Malavedan;mjr
Malawi Lomwe;lon
Malay;ms
Malayalam;ml
Malba Birifor;bfo
Malecite-Passamaquoddy;pqm
Malfaxal;mlx
Malgana;vml
Mali;gcc
Malila;mgq
Malinaltepec Tlapanec;tcf
Malol;mbk
Maltese;mt
Malua Bay;mll
Malvi;mup
Mam;mam
Mamaa;mhf
Mamaindé;wmd
Mamanwa;mmn
Mamara Senoufo;myk
Mamasa;mqj
Mambae;mgm
Mambwe-Lungu;mgr
Mampruli;maw
Mamuju;mqx
Mamulique;emm
Mamusi;kdf
Manado Malay;xmm
Manam;mva
Manambu;mle
Manangba;nmm
Manangkari;znk
Manchu;mnc
Manda (Australia);zma
Manda (India);mha
Mandaic;mid
Mandailing Batak;btm
Mandan;mhq
Mandandanyi;zmk
Mandar;mdr
Mandara;tbf
Mandarin;cmn
Mandeali;mjl
Mandingo;man
Mandinka;mnk
Mandobo Atas;aax
Mandobo Bawah;bwp
Mangarevan;mrv
Mangas;zns
Mangga Buang;mmo
Manggarai;mqy
Mango;mge
Mangole;mqc
Mangseng;mbh
Manigri-Kambolé Ede Nago;xkb
Manipa;mqp
Manipuri;mni
Mannan;mjv
Mano;mev
Manombai;woo
Mansaka;msk
Manta;myg
Manumanaw Karen;kxf
Manus Koro;kxr
Manx;gv
Manyawa;mny
Mao Naga;nbi
Maonan;mmd
Maore Comorian;swb
Maori;mi
Mapia;mpy
Mapidian;mpw
Mapos Buang;bzh
Mapoyo;mcg
Mapudungun;arn
Mapun;sjm
Marúbo;mzr
Mara Chin;mrh
Maraghei;vmh
Maragus;mrs
Marama;lrm
Maranao;mrw
Maranungku;zmr
Marathi;mr
Marau;mvr
Marenje;vmr
Margany;zmc
Margi;mrt
Maricopa;mrc
Maridan;zmd
Maridjabin;zmj
Marik;dad
Marimanindji;zmm
Maringarr;zmt
Maritsauá;msp
Mariyedi;zmy
Marka;rkm
Markweeta;enb
Marma;rmz
Marovo;mvo
Marrithiyel;mfr
Marrucinian;umc
Marshallese;mh
Marsian;ims
Martha's Vineyard Sign Language;mre
Marti Ke;zmg
Martu Wangka;mpj
Martuthunira;vma
Marwari;mwr
Masaba;myx
Masbate Sorsogon;bks
Masbatenyo;msb
Mashco Piro;cuj
Mashi;mho
Masimasi;ism
Masiwang;bnf
Maskelynes;klv
Massachusett;wam
Matís;mpq
Matal;mfh
Matengo;mgv
Matigsalug Manobo;mbt
Matipuhy;mzo
Matlatzinca;mat
Mato;met
Mator;mtm
Matsés;mcf
Mattole;mvb
Matukar;mjk
Matumbi;mgw
Matya Samo;stj
Maung;mph
Mauritian Creole;mfe
Mav̋ea;mkv
Mawa;mcw
Maxakalí;mbl
Maya Samo;sym
Mayangna;yan
Mayawali;yxa
Maybrat;ayz
Mayi-Thakurti;xyt
Maykulan;mnt
Mayo;mfy
Mayogo;mdm
Mayoyao Ifugao;ifu
Mazagway;dkx
Mazaltepec Zapotec;zpy
Mazanderani;mzn
Mazatlán Mazatec;vmz
Mba;mfc
Mbabaram;vmb
Mbandja;zmz
Mbangi;mgn
Mbangwe;zmn
Mbariman-Gudhinma;zmv
Mbato;gwa
Mbay;myb
Mbe';mtk
Mbe;mfo
Mbesa;zms
Mbo (Cameroon);mbo
Mbo (Congo);zmw
Mbonga;xmb
Mbongno;bgu
Mbu';muc
Mbudum;xmd
Mbugu;mhd
Mbuko;mqb
Mbula-Bwazza;mbu
Mbula;mna
Mbule;mlb
Mbulungish;mbv
Mbunda;mck
Mburku;bbt
Mbuun;zmp
Mbwela;mfu
Mbyá Guaraní;gun
Meänkieli;fit
Mecayapan Nahuatl;nhx
Medebur;mjm
Medefaidrin;dmf
Media Lengua;mue
Mednyj Aleut;mud
Medumba;byv
Megleno-Romanian;ruq
Mehek;nux
Mehináku;mmh
Mehri;gdq
Mekéns;skf
Mekwei;msf
Mele-Fila;mxe
Memoni;mby
Mendankwe-Nkwen;mfd
Mende;men
Mengaka;xmg
Mengisa;leo
Menka;mea
Menominee;mez
Mentawai;mwv
Meoswar;mvx
Meramera;mxm
Merei;lmb
Merey;meq
Meriam;ulk
Meroitic;xmr
Meru;mer
Mesaka;iyo
Mesme;zim
Messapic;cms
Meta';mgo
Metlatónoc Mixtec;mxv
Mewari;mtr
Mewati;wtm
Mexican Sign Language;mfs
Mezontla Popoloca;pbe
Mezquital Otomi;ote
Mfinu;zmf
Mfumte;nfu
Mgbo;gmz
Mi'kmaq;mic
Miami;mia
Mian;mpt
Micha;yiq
Michif;crg
Michigamea;cmm
Michoacán Mazahua;mmc
Michoacán Nahuatl;ncl
Mid-Southern Banda;bjo
Mid Grand Valley Dani;dnt
Middle Armenian;axm
Middle Breton;xbm
Middle Chinese;ltc
Middle Cornish;cnx
Middle Dutch;dum
Middle English;enm
Middle French;frm
Middle High German;gmh
Middle Irish;mga
Middle Khmer;xhm
Middle Korean;okm
Middle Low German;gml
Middle Mongol;xng
Middle Newar;nwx
Middle Persian;pal
Middle Watut;mpl
Middle Welsh;wlm
Midob;mei
Migaama;mmy
Miju;mxj
Mikasuki;mik
Miluk;iml
Milyan;imy
Min Nan;nan
Minaean;inm
Minangkabau;min
Minaveha;mvn
Minderico;drc
Mindiri;mpn
Mingrelian;xmf
Minica Huitoto;hto
Minidien;wii
Minigir;vmg
Minjungbal;xjb
Mirandese;mwl
Miraya Bikol;rbl
Miriti;mmv
Miriwung;mep
Misantla Totonac;tlc
Miship;mjs
Misima-Paneati;mpx
Mising;mrg
Miskito;miq
Mitla Zapotec;zaw
Mitlatongo Mixtec;vmm
Mittu;mwu
Mituku;zmq
Miu;mpo
Mixed Great Andamanese;gac
Mixtepec Mixtec;mix
Mixtepec Zapotec;zpm
Miya;mkf
Miyako;mvi
Miyobe;soy
Mizo;lus
Mlahsö;lhs
Mmaala;mmu
Mmani;buy
Mmen;bfm
Mo'da;gbn
Mo;wkd
Moabite;obm
Moba;mfq
Mobilian;mod
Mobumrin Aizi;ahm
Mochi;old
Mochica;omc
Mocoví;moc
Modang;mxd
Mofu-Gudur;mif
Mogholi;mhj
Mogum;mou
Mohawk;moh
Mohegan-Pequot;xpq
Moi (Congo);mow
Mojave;mov
Mokerang;mft
Mokilese;mkj
Mokole;mkl
Mokpwe;bri
Moksha;mdf
Molale;mbe
Molbog;pwm
Molengue;bxc
Molima;mox
Molmo One;aun
Molo;zmo
Moloko;mlw
Mombo Dogon;dmb
Mon;mnw
Mondé;mnd
Mongo;lol
Mongol;mgt
Mongolian;mn
Mongondow;mog
Mono (California);mnr
Mono (Cameroon);mru
Mono (Congo);mnh
Montagnais;moe
Montana Salish;fla
Montol;mtl
Monzombo;moj
Moo;gwg
Moore;mos
Moose Cree;crm
Mopan Maya;mop
Mor (Austronesian);mhz
Morelos Nahuatl;nhm
Morerebi;xmo
Mori Bawah;xmz
Moro;mor
Moroccan Amazigh;zgh
Moroccan Arabic;ary
Morokodo;mgc
Morom;bdo
Moronene;mqn
Morouas;mrp
Mortlockese;mrl
Mosimo;mqv
Mota;mtt
Motu;meu
Mouk-Aria;mwh
Mount Iraya Agta;atl
Mount Iriga Agta;agz
Mouwase;jmw
Mozarabic;mxi
Mpade;mpi
Mpoto;mpa
Mpotovoro;mvt
Mpur;akc
Mru;mro
Mạ;cma
Muak Sa-aak;ukk
Mualang;mtd
Mubi;mub
Mudburra;dmw
Mudu Koraga;vmd
Muduapa;wiv
Muduga;udg
Mufian;aoj
Muinane;bmr
Mulam;mlm
Mumuye;mzm
Muna;mnb
Munda;unx
Mundabli;boe
Mundani;mnf
Mundari;unr
Mundat;mmf
Mundurukú;myu
Mungaka;mhk
Mungbam;mij
Munggui;mth
Mungkip;mpv
Munji;mnj
Munsee;umu
Muong;mtq
Mur Pano;tkv
Muratayak;asx
Murik (New Guinea);mtf
Murrinh-Patha;mwf
Murui Huitoto;huu
Murupi;mqw
Muruwari;zmu
Musasa;smm
Musgu;mug
Musi;mui
Musom;msu
Mussau-Emira;emi
Mutu;tuc
Muyang;muy
Muyuw;myw
Mvanip;mcj
Mvuba;mxh
Mwaghavul;sur
Mwali Comorian;wlc
Mwan;moa
Mwani;wmw
Mwatebu;mwa
Mwera;mwe
Mwerlap;mrm
Mwimbi-Muthambi;mws
Mwotlap;mlv
Mycenaean Greek;gmy
Myene;mye
N'Ko;nqo
Nüpode Huitoto;hux
Nùng;nut
Nǀuu;ngh
Na;nbt
Naaba;nao
Nabak;naf
Nabi;mty
Nachering;ncd
Nadëb;mbj
Nafaanra;nfr
Nafri;nxx
Naga Pidgin;nag
Nagu;ngr
Nahavaq;sns
Nahuatl;nah
Nai;bio
Najdi Arabic;ars
Naka'ela;nae
Nakai;nkj
Nakame;nib
Nakanai;nak
Nakara;nck
Nake;nbk
Naki;mff
Nakwi;nax
Nalögo;nlz
Nalca;nlc
Nalik;nal
Nalu;naj
Namakura;nmk
Nambikwara;nab
Nambya;nmq
Namia;nnm
Namibian Sign Language;nbs
Namla;naa
Namosi-Naitasiri-Serua;bwb
Namuyi;nmy
Nanai;gld
Nancere;nnc
Nande;nnb
Nandi;niq
Nanga Dama Dogon;nzz
Nankina;nnk
Nanti;cox
Nanticoke;nnt
Nanubae;afk
Narak;nac
Narango;nrg
Narau;nxu
Naro;nhr
Narom;nrm
Narragansett;xnt
Narua;nru
Narungga;nnr
Nasarian;nvh
Nasioi;nas
Naskapi;nsk
Nasu;ywq
Natügu;ntu
Nateni;ntm
Naukanski;ynk
Nauna;ncn
Nauo;nwo
Nauruan;na
Navajo;nv
Navut;nsw
Nawathinehena;nwa
Nawdm;nmz
Nawuri;naw
Naxi;nxq
Ncane;ncr
Nchumbulu;nlu
Nda'nda';nnz
Ndaka;ndk
Ndali;ndh
Ndam;ndm
Ndamba;ndj
Ndambomo;nxo
Ndasa;nda
Ndau;ndc
Nde-Nsele-Nta;ndd
Ndemli;nml
Ndendeule;dne
Ndengereko;ndg
Nding;eli
Ndjébbana;djj
Ndo;ndp
Ndobo;ndw
Ndoe;nbb
Ndogo;ndz
Ndolo;ndl
Ndom;nqm
Ndombe;ndq
Ndonga;ng
Ndoola;ndr
Ndumu;nmd
Ndunda;nuh
Ndunga;ndt
Ndut;ndv
Ndyuka-Trio Pidgin;njt
Ndzwani Comorian;wni
Neapolitan;nap
Negerhollands;dcr
Negeri Sembilan Malay;zmi
Negidal;neg
Nehan;nsn
Nek;nif
Nekgini;nkg
Neko;nej
Nemi;nem
Nend;anh
Nengone;nen
Neo;neu
Nepali Kurux;kxl
Nepali;ne
Neve'ei;vnm
Neverver;lgk
New Caledonian Javanese;jas
Newar;new
Nez Perce;nez
Ngäbere;gym
Ngaanyatjarra;ntj
Ngadha;nxg
Ngadjuri;jui
Ngaing;nnf
Ngaju;nij
Ngala;nud
Ngalakan;nig
Ngalkbun;ngk
Ngalum;szb
Ngam;nmc
Ngamambo;nbv
Ngambay;sba
Ngamini;nmv
Ngamo;nbh
Ngan'gityemerri;nam
Nganasan;nio
Ngandi;nid
Ngandyera;nne
Nganyaywana;nyx
Ngarinyin;ung
Ngarla;nrk
Ngarluma;nrl
Ngarrindjeri;nay
Ngas;anc
Ngatik Men's Creole;ngm
Ngawun;nxn
Ngazidja Comorian;zdj
Ngbaka Ma'bo;nbm
Ngbaka Manza;ngg
Ngbaka;nga
Ngbinda;nbd
Ngbundu;nuu
Ngelima;agh
Ngemba;nge
Ngen of Djonkro;gnj
Ngendelengo;nql
Ngete;nnn
Nggem;nbq
Nggwahyi;ngx
Ngie;ngj
Ngiemboon;nnh
Ngindo;nnq
Ngiyambaa;wyb
Ngizim;ngi
Ngom;nra
Ngomba;jgo
Ngombale;nla
Ngongo;noq
Ngoni;ngo
Ngoreme;ngq
Ngoshie;nsh
Nguôn;nuo
Ngul;nlo
Ngulu;ngp
Ngunawal;xul
Ngundi;ndn
Ngundu;nue
Ngungwel;ngz
Ngwaba;ngw
Ngwe;nwe
Ngwo;ngn
Nhanda;nha
Nheengatu;yrl
Nhuwala;nhf
Nias;nia
Nicaraguan Creole;bzk
Nicaraguan Sign Language;ncs
Nigeria Mambila;mzk
Nigerian Pidgin;pcm
Nihali;nll
Nii;nii
Niksek;gbe
Nilamba;nim
Nimadi;noe
Nimi;nis
Ninam;shb
Nindi;nxi
Ningera;nby
Ninggerum;nxr
Nisenan;nsz
Nisga'a;ncg
Niuafo'ou;num
Niuean;niu
Nivaclé;cag
Nivkh;niv
Niwer Mil;hrc
Njebi;nzb
Njen;njj
Njerep;njr
Njyem;njy
Nkami;nkq
Nkangala;nkn
Nkari;nkz
Nkem-Nkum;isi
Nkongho;nkc
Nkonya;nko
Nkoya;nka
Nkukoli;nbo
Nkutu;nkw
Nnam;nbp
Nobiin;fia
Nobonob;gaw
Nocamán;nom
Nogai;nog
Nokuku;nkk
Nomaande;lem
Nomatsiguenga;not
Nomlaki;nol
Nong Zhuang;zhn
Nonuya;noj
Noon;snf
Noone;nhu
Nootka;nuk
Nopala Chatino;cya
Noric;nrc
Norman;nrf
Norn;nrn
North Ambrym;mmg
North Babar;bcd
North Boma;boh
North Efate;llp
North Fali;fll
North Frisian;frr
North Levantine Arabic;apc
North Marquesan;mrq
North Mesopotamian Arabic;ayp
North Mofu;mfk
North Moluccan Malay;max
North Muyu;kti
North Slavey;scs
North Tanna;tnn
North Watut;una
Northeast Maidu;nmu
Northeast Malakula;upv
Northeast Pashayi;aee
Northeastern Dinka;dip
Northeastern Pomo;pef
Northern Alta;aqn
Northern Altai;atv
Northern Amami Ōshima;ryn
Northern Bontoc;rbk
Northern Catanduanes Bicolano;cts
Northern Dagara;dgi
Northern East Cree;crl
Northern Emberá;emp
Northern Ghale;ghh
Northern Grebo;gbo
Northern Haida;hdn
Northern Hindko;hno
Northern Kam;doc
Northern Kankanay;xnn
Northern Khmer;kxm
Northern Kurdish;kmr
Northern Luri;lrc
Northern Min;mnp
Northern Ndebele;nd
Northern Ngbandi;ngb
Northern Nuni;nuv
Northern Oaxaca Nahuatl;nhy
Northern Ohlone;cst
Northern One;onr
Northern Paiute;pao
Northern Pame;pmq
Northern Pinghua;cnp
Northern Pomo;pej
Northern Puebla Nahuatl;ncj
Northern Pwo;pww
Northern Qiandong Miao;hea
Northern Qiang;cng
Northern Roglai;rog
Northern Saharan Berber;mzb
Northern Sami;se
Northern Sierra Miwok;nsq
Northern Sotho;nso
Northern Subanen;stb
Northern Tarahumara;thh
Northern Tepehuan;ntp
Northern Thai;nod
Northern Tlaxiaco Mixtec;xtn
Northern Tutchone;ttm
Northern Yukaghir;ykg
Northwest Gbaya;gya
Northwest Maidu;mjd
Northwest Oaxaca Mixtec;mxa
Northwest Pashayi;glh
Northwestern Dinka;diw
Northwestern Ojibwa;ojb
Northwestern Tamang;tmk
Norwegian Bokmål;nb
Norwegian Nynorsk;nn
Norwegian;no
Notre;bly
Notsi;ncf
Nottoway-Meherrin;nwy
Nottoway;ntw
Novial;nov
Nsari;asj
Nsenga;nse
Nshi;nsc
Nsong;soo
Nsongo;nsx
Ntcham;bud
Ntomba;nto
Ntra'ngith;dgt
Nubaca;baf
Nubi;kcn
Nuer;nus
Nuguria;nur
Nuk;noc
Nukak Makú;mbr
Nukna;klt
Nukuoro;nkr
Numèè;kdk
Numana;nbr
Numanggang;nop
Nume;tgs
Numidian;nxm
Nungu;rin
Nupe;nup
Nyah Kur;cbn
Nyakyusa;nyy
Nyali;nlj
Nyam;nmi
Nyamal;nly
Nyambo;now
Nyamwezi;nym
Nyaneka;nyk
Nyanga-li;nyc
Nyanga (Congo);nyj
Nyanga (Togo);ayg
Nyangbo;nyb
Nyangga;nny
Nyankole;nyn
Nyaturu;rim
Nyaw;nyw
Nyelâyu;yly
Nyemba;nba
Nyengo;nye
Nyenkha;neh
Nyigina;nyh
Nyiha;nih
Nyika;nkt
Nyimang;nyi
Nyindrou;lid
Nyindu;nyg
Nyishi;njz
Nyiyaparli;xny
Nyokon;nvo
Nyole (Kenya);nyd
Nyole (Uganda);nuj
Nyoro;nyo
Nyulnyul;nyv
Nyunga;nys
Nyungwe;nyu
Nzadi;nzd
Nzakambay;nzy
Nzakara;nzk
Nzanyi;nja
O'chi'chi';xoc
O'odham;ood
Obanliku;bzy
Obispeño;obi
Obo Manobo;obo
Obokuitai;afz
Obolo;ann
Obulom;obu
Ocaina;oca
Occitan;oc
Ocotepec Mixtec;mie
Ocotlán Zapotec;zac
Od;odk
Odiai;bhf
Odual;odu
Odut;oda
Ofayé;opy
Ogbah;ogc
Ogbia;ogb
Ogbogolo;ogg
Ogbronuagum;ogu
Ogea;eri
Oirata;oia
Ojibwe;oj
Ojitlán Chinantec;chj
Okanagan;oka
Okiek;oki
Okinawan;ryu
Okinoerabu;okn
Oko-Eni-Osayen;oks
Okobo;okb
Okpamheri;opa
Okpe (Northwestern Edo);okx
Okpe (Southwestern Edo);oke
Okpela;atg
Oksapmin;opm
Oku;oku
Old Armenian;xcl
Old Avar;oav
Old Breton;obt
Old Burmese;obr
Old Chinese;och
Old Church Slavonic;cu
Old Cornish;oco
Old Dutch;odt
Old East Slavic;orv
Old English;ang
Old French;fro
Old Frisian;ofs
Old Georgian;oge
Old High German;goh
Old Hungarian;ohu
Old Irish;sga
Old Japanese;ojp
Old Javanese;kaw
Old Khmer;okz
Old Korean;oko
Old Lithuanian;olt
Old Manipuri;omp
Old Marathi;omr
Old Mon;omx
Old Norse;non
Old Nubian;onw
Old Occitan;pro
Old Persian;peo
Old Prussian;prg
Old Saxon;osx
Old Spanish;osp
Old Sundanese;osn
Old Tamil;oty
Old Tibetan;otb
Old Tupi;tpw
Old Turkic;otk
Old Uyghur;oui
Old Welsh;owl
Olekha;ole
Ollari;gdb
Olo;ong
Oloma;olm
Olrat;olr
Olukumi;ulb
Olulumo-Ikom;iko
Oluta Popoluca;plo
Olutsotso;lto
Omagua;omg
Omaha-Ponca;oma
Omani Arabic;acx
Omba;omb
Ombamba;mbm
Ombo;oml
Ometepec Nahuatl;nht
Omok;omk
Oneida;one
Onin;oni
Onjob;onj
Ono;ons
Onobasulu;onn
Onondaga;ono
Ontong Java;ojv
Opao;opo
Opata;opt
Orejón;ore
Oring;org
Oriya;or
Orizaba Nahuatl;nlv
Ormu;orz
Ormuri;oru
Oro Win;orw
Oro;orx
Oroch;oac
Orok;oaa
Orokaiva;okv
Oroko;bdu
Orokolo;oro
Oromo;om
Oroqen;orh
Orowe;bpk
Oruma;orr
Orya;ury
Osage;osa
Osamayi;syx
Osatu;ost
Oscan;osc
Osing;osi
Ososo;oso
Ossetian;os
Ot Danum;otd
Otank;uta
Ottawa;otw
Ottoman Turkish;ota
Otuke;otu
Ouma;oum
Owa;stn
Owiniga;owi
Oya'oya;oyy
Ozolotepec Zapotec;zao
Ozumacín Chinantec;chz
Pémono;pev
Pökoot;pko
Pááfang;pfa
Pa'o Karen;blk
Pa;ppt
Paamese;pma
Paasaal;sig
Pacahuara;pcp
Pacoh;pac
Padoe;pdo
Paelignian;pgn
Pagi;pgi
Pagibete;pae
Pagu;pgu
Pahanan Agta;apf
Pahari-Potwari;phr
Pahi;lgt
Pai Tavytera;pta
Paicî;pri
Paipai;ppi
Paiwan;pwn
Pajapan Nahuatl;nhp
Pal;abw
Palaic;plq
Palaka Senoufo;plr
Palantla Chinantec;cpa
Palauan;pau
Palawan Batak;bya
Paleni;pnl
Palenquero;pln
Pali;pi
Palikur;plu
Pallanganmiddang;pmd
Palor;fap
Palu'e;ple
Palya Bareli;bpx
Pambia;pmb
Pamlico;pmk
Pamona;pmf
Pamplona Atta;att
Pana (Central Africa);pnz
Pana (West Africa);pnq
Panamint;par
Panare;pbh
Panawa;pwb
Panchpargania;tdb
Pande;bkj
Pangasinan;pag
Pangseng;pgs
Pangutaran Sama;slm
Pangwa;pbr
Pangwali;pgg
Pannonian Rusyn;rsk
Panobo;pno
Panyi Bai;bfc
Panyjima;pnw
Papantla Totonac;top
Papapana;ppn
Papar;dpp
Papasena;pas
Papel;pbo
Papiamentu;pap
Papora;ppu
Papuan Malay;pmy
Papuma;ppm
Pará Arára;aap
Pará Gavião;gvp
Para Naga;pzn
Parachi;prc
Paraguayan Guaraní;gug
Parakanã;pak
Paranawát;paf
Paraujano;pbg
Parauk;prk
Pare;asa
Pareci;pab
Parthian;xpr
Pashto;ps
Pass Valley Yali;yac
Patamona;pbc
Patani;ptn
Patep;ptp
Patpatar;gfk
Pattani Malay;mfa
Patwin;pwi
Paumarí;pad
Paunaka;pnk
Pauri Bareli;bfb
Pauserna;psm
Pawaia;pwa
Pawnee;paw
Pazeh;pzh
Pe;pai
Peñoles Mixtec;mil
Pear;pcb
Pech;pay
Peere;pfe
Pele-Ata;ata
Pemon;aoc
Penchal;pek
Pengo;peg
Pennsylvania German;pdc
Penobscot;aaq
Penrhyn;pnh
Pentlatch;ptw
Peranakan Indonesian;pea
Perema;wom
Persian;fa
Petapa Zapotec;zpe
Petats;pex
Phake;phk
Phalura;phl
Phangduwali;phw
Phende;pem
Phimbi;phm
Phoenician;phn
Phrae Pwo;kjt
Phrygian;xpg
Phu Thai;pht
Piamatsina;ptr
Piapoco;pio
Picard;pcd
Pichinglis;fpe
Pichis Ashéninka;cpu
Pictish;xpi
Pidgin Delaware;dep
Pidgin Iha;ihb
Pidgin Onin;onx
Piedmontese;pms
Pije;piz
Pijin;pis
Pilagá;plg
Pileni;piv
Pima Bajo;pia
Pingelapese;pif
Pinigura;pnv
Pinji;pic
Pinotepa Nacional Mixtec;mio
Pintupi-Luritja;piu
Pinyin;pny
Pipil;ppl
Pirahã;myp
Piratapuyo;pir
Pirlatapa;bxi
Piro;pie
Pisabo;pig
Pitcairn-Norfolk;pih
Pite Sami;sje
Piti;pcn
Pitjantjatjara;pjt
Pitta-Pitta;pit
Plains Apache;apk
Plains Cree;crk
Plains Miwok;pmw
Plautdietsch;pdt
Pnar;pbv
Pochutec;xpo
Podoko;pbi
Pohnpeian;pon
Pokangá;pok
Pol;pmm
Polabian;pox
Polish;pl
Polonombauk;plb
Pom;pmo
Ponam;ncc
Ponosakan;pns
Pontic Greek;pnt
Poqomam;poc
Poqomchi';poh
Port Sandwich;psw
Port Vato;ptv
Portuguese;pt
Potawatomi;pot
Potiguára;pog
Pouye;bye
Powari;pwr
Powhatan;pim
Prakrit;pra
Primitive Irish;pgl
Principense;pre
Pudtol Atta;atp
Puebla Mazatec;pbm
Pukapukan;pkp
Puluwat;puw
Pumpokol;xpm
Punan Bah-Biau;pna
Punic;xpu
Punjabi;pa
Punu;puu
Puoc;puo
Purepecha;pua
Purisimeño;puy
Puroik;suv
Purum;pub
Putoh;put
Putukwam;afe
Puxian Min;cpx
Puyuma;pyu
Pwaamèi;pme
Pwapwâ;pop
Pyu (New Guinea);pby
Q'anjob'al;kjb
Q'eqchi;kek
Qaqet;byx
Qatabanian;xqt
Qimant;ahg
Quapaw;qua
Quebec Sign Language;fcs
Quechua;qu
Quenya;qya
Querétaro Otomi;otq
Quetzaltepec Mixe;pxm
Quiavicuzas Zapotec;zpj
Quileute;qui
Quinault;qun
Quioquitani-Quierí Zapotec;ztq
Quiotepec Chinantec;chq
Quiripi;qyp
Réunion Creole French;rcf
Rabha;rah
Rade;rad
Raetic;xrr
Raga;lml
Rajbanshi;rjs
Rajong;rjg
Rajput Garasia;gra
Rakahanga-Manihiki;rkh
Rakhine;rki
Ralte;ral
Ramandi;tks
Ramoaaina;rai
Rana Tharu;thr
Rao;rao
Rapa Nui;rap
Rarotongan;rar
Rasawa;rac
Ratagnon;btn
Ratahan;rth
Rathwi Bareli;bgd
Raute;rau
Ravula;yea
Rawa;rwo
Rawang;raw
Rayón Zoque;zor
Razajerdi;rat
Razihi;rzh
Reel;atu
Rejang Kayan;ree
Rejang;rej
Rema;bow
Rembarunga;rmb
Rembong;reb
Remo;rem
Remontado Agta;agv
Remun;lkj
Rendille;rel
Rennellese;mnv
Repanbitip;rpn
Rerep;pgk
Resígaro;rgr
Reyesano;rey
Riantana;ran
Ribun;rir
Rigwe;iri
Rikbaktsa;rkb
Rincón Zapotec;zar
Ritarungo;rit
Riung;riu
Riverain Sango;snj
Rohingya;rhg
Romagnol;rgn
Romani;rom
Romanian;ro
Romano-Greek;rge
Romano-Serbian;rsb
Romanova;rmv
Romansch;rm
Romblomanon;rol
Rombo;rof
Romkun;rmk
Ron;cla
Ronga;rng
Rongmei Naga;nbu
Roon;rnn
Roria;rga
Roro;rro
Rotokas;roo
Rotuman;rtm
Roviana;rug
Ruching Palaung;pce
Rudbari;rdb
Rukai;dru
Rukiga;cgg
Rumai Palaung;rbb
Rungus;drg
Rungwa;rnw
Russian;ru
Rutul;rut
S'gaw Karen;ksw
Sîshëë;sih
São Paulo Kaingáng;zkp
Sãotomense;cri
Sa'a;apb
Sa'ban;snv
Sa;sax
Saafi-Saafi;sav
Saanich;str
Saare;uss
Saaroa;sxr
Saba;saa
Sabaean;xsa
Sabah Bisaya;bsy
Sabanê;sae
Sabine;sbv
Sabir;pml
Sabu;hvn
Sacapulteco;quv
Sadri;sck
Saek;skb
Safaliba;saf
Safeyoka;apz
Safwa;sbk
Sagala;sbm
Saho;ssy
Sahu;saj
Saisiyat;xsy
Sakao;sku
Sakata;skt
Sake;sak
Sakizaya;szy
Sala;shq
Salampasu;slx
Salar;slr
Salinan;sln
Salumá;slj
Salvadoran Sign Language;esn
Sama;smd
Samaritan Aramaic;sam
Samaritan Hebrew;smp
Samba;smx
Sambali;xsb
Sambalpuri;spv
Sambe;xab
Samberigi;ssx
Samoan;sm
Samogitian;sgs
Samosa;swm
San Agustín Mixtepec Zapotec;ztm
San Baltazar Loxicha Zapotec;zpx
San Felipe Otlaltepec Popoloca;pow
San Jerónimo Tecóatl Mazatec;maa
San Juan Atzingo Popoloca;poe
San Juan Colorado Mixtec;mjc
San Juan Guelavía Zapotec;zab
San Juan Teita Mixtec;xtj
San Luís Temalacayuca Popoloca;pps
San Marcos Tlalcoyalco Popoloca;pls
San Martín Itunyoso Triqui;trq
San Miguel Creole French;scf
San Miguel el Grande Mixtec;mig
San Miguel Piedras Mixtec;xtp
San Pablo Güilá Zapotec;ztu
San Pedro Amuzgos Amuzgo;azg
San Pedro Quiatoni Zapotec;zpf
San Vicente Coatlán Zapotec;zpt
Sanapaná;spn
Sandawe;sad
Sanga (Congo);sng
Sanga (Nigeria);xsn
Sangil;snl
Sangir;sxn
Sangisari;sgr
Sango;sg
Sangu (Gabon);snq
Sangu (Tanzania);sbp
Sani;ysn
Saniyo-Hiyewe;sny
Sanskrit;sa
Santa Catarina Albarradas Zapotec;ztn
Santa Inés Ahuatempan Popoloca;pca
Santa Inés Yatzechi Zapotec;zpn
Santa Lucía Monteverde Mixtec;mdv
Santa María La Alta Nahuatl;nhz
Santa María Quiegolani Zapotec;zpi
Santa María Zacatepec Mixtec;mza
Santa Teresa Cora;cok
Santali;sat
Santiago Xanica Zapotec;zpr
Santo Domingo Albarradas Zapotec;zas
Sapa;tys
Sar;mwm
Sara Kaba Náà;kwv
Sara Kaba;sbz
Saraiki;skr
Saramaccan;srm
Sarangani Blaan;bps
Sarangani Manobo;mbs
Sardinian;sc
Sarikoli;srh
Sarli;sdf
Sartang;onp
Sarua;swy
Saruga;sra
Sasak;sas
Sasaru;sxs
Sassarese;sdc
Satawalese;stw
Sateré-Mawé;mav
Saterland Frisian;stq
Saurashtra;saz
Sause;sao
Sausi;ssj
Savosavo;svs
Sawai;szw
Sawi;saw
Sawriya Paharia;mjt
Saxwe Gbe;sxw
Saya;say
Sayula Popoluca;pos
Scots;sco
Scottish Gaelic;gd
Seba;kdg
Sebat Bet Gurage;sgw
Sebop;sib
Sechelt;sec
Secoya;sey
Sedang;sed
Segeju;seg
Sehwi;sfw
Seimat;ssg
Sekani;sek
Seki;syi
Selaru;slu
Selee;snw
Selk'nam;ona
Selonian;sxl
Semai;sea
Semelai;sza
Semimi;etz
Semnani;smy
Sena;seh
Seneca;see
Sengele;szg
Sengo;spk
Sengseng;ssz
Sensi;sni
Sentani;set
Sepa (Indonesia);spb
Sepa (New Guinea);spe
Sepen;spm
Sepik Mari;mbx
Sera;sry
Serbo-Croatian;sh
Sere;swf
Serer;srr
Seri;sei
Serrano;ser
Seru;szd
Serui-Laut;seu
Seta;stf
Setaman;stm
Seti;sbi
Severn Ojibwa;ojs
Seychellois Creole;crs
Seze;sze
Sha;scw
Shabak;sdb
Shabo;sbf
Shahmirzadi;srz
Shahrudi;shm
Shama-Sambuga;sqa
Shambala;ksb
Shan;shn
Shanenawa;swo
Shanga;sho
Shaojiang Min;sjc
Sharanahua;mcd
Shark Bay;ssv
Sharwa;swq
Shasta;sht
Shau;sqh
Shawnee;sjw
Shehri;shv
Shelta;sth
Sheni;scv
Sherbro;bun
Sherpa;xsr
Sheshi Kham;kip
Shi;shr
Shihhi Arabic;ssh
Shiki;gua
Shilluk;shk
Shina;scl
Shinasha;bwo
Shipibo-Conibo;shp
Shixing;sxg
Sholaga;sle
Shona;sn
Shoo-Minda-Nye;bcv
Shor;cjs
Shoshone;shh
Shua;shg
Shuar;jiv
Shughni;sgh
Shumashti;sts
Shuswap;shs
Shwe Palaung;pll
Siane;snp
Sibe;nco
Siberian Tatar;sty
Sicel;scx
Sichuan Yi;ii
Sicilian;scn
Siculo-Arabic;sqr
Sidamo;sid
Sidetic;xsd
Sie;erg
Sierra de Juárez Zapotec;zaa
Sierra Negra Nahuatl;nsu
Sighu;sxe
Sika;ski
Sikaiana;sky
Sikiana;sik
Sikkimese;sip
Silacayoapan Mixtec;mks
Silesian;szl
Siliput;mkc
Silt'e;stv
Simaa;sie
Simalungun Batak;bts
Simba;sbw
Simbali;smg
Simeulue;smr
Sinagen;siu
Sinasina;sst
Sinaugoro;snc
Sindarin;sjn
Sindhi Bhil;sbn
Sindhi;sd
Sindihui Mixtec;xts
Singa;sgm
Singpho;sgp
Sinhalese;si
Sinicahua Mixtec;xti
Sininkere;skq
Sinte Romani;rmo
Sinyar;sys
Siona;snn
Sipakapense;qum
Sira;swj
Siraya;fos
Sirenik;ysr
Siri;sir
Siriano;sri
Sirionó;srq
Siroi;ssd
Sissala;sld
Sissano;sso
Sivandi;siy
Siwi;siz
Siwu;akp
Skagit;ska
Skalvian;svx
Ske;ske
Skepi Creole Dutch;skw
Skolt Sami;sms
Skou;skv
Slavomolisano;svm
Slovak;sk
Slovene;sl
Snohomish;sno
So'a;ssq
Sochiapam Chinantec;cso
Soga;xog
Sogdian;sog
Soko;soc
Sokoro;sok
Soli;sby
Solong;aaw
Som;smc
Somali;so
Somba-Siawari;bmu
Somrai;sor
Somyev;kgt
Sonde;shc
Songe;sop
Songomeno;soe
Songoora;sod
Soninke;snk
Sonsorolese;sov
Sop;urw
Soqotri;sqt
Sora;srb
Sori-Harengan;sbh
Sorsogon Ayta;ays
Sos Kundi;sdk
Sotho;st
South Awyu;aws
South Central Dinka;dib
South Efate;erk
South Fali;fal
South Levantine Arabic;ajp
South Marquesan;mqm
South Muyu;kts
South Picene;spx
South Slavey;xsl
South Tairora;omw
South Ucayali Ashéninka;cpy
Southeast Ambrym;tvk
Southeast Ijo;ijs
Southeast Pashayi;psi
Southeastern Dinka;dks
Southeastern Ixtlán Zapotec;zpd
Southeastern Kolami;nit
Southeastern Nochixtlán Mixtec;mxy
Southeastern Pomo;pom
Southeastern Puebla Nahuatl;npl
Southeastern Tarahumara;tcu
Southeastern Tepehuan;stp
Southern Alta;agy
Southern Altai;alt
Southern Amami Ōshima;ams
Southern Bai;bfs
Southern Birifor;biv
Southern Bobo;bwq
Southern Bontoc;obk
Southern Carrier;caf
Southern Catanduanes Bicolano;bln
Southern Dagaare;dga
Southern East Cree;crj
Southern Ghale;ghe
Southern Grebo;grj
Southern Haida;hax
Southern Hindko;hnd
Southern Kam;kmc
Southern Kurdish;sdh
Southern Luri;luz
Southern Mashan Hmong;hma
Southern Ndebele;nr
Southern Ngbandi;nbw
Southern Nuni;nnw
Southern Ohlone;css
Southern One;osu
Southern Pame;pmz
Southern Pinghua;csp
Southern Pomo;peq
Southern Puebla Mixtec;mit
Southern Puget Sound Salish;slh
Southern Qiang;qxs
Southern Rincon Zapotec;zsr
Southern Sama;ssb
Southern Sami;sma
Southern Samo;sbd
Southern Sierra Miwok;skd
Southern Thai;sou
Southern Tiwa;tix
Southern Tujia;tjs
Southern Tutchone;tce
Southern Yukaghir;yux
Southwest Gbaya;gso
Southwest Palawano;plv
Southwest Pashayi;psh
Southwest Tanna;nwi
Southwestern Bontoc;vbk
Southwestern Dinka;dik
Southwestern Tarahumara;twr
Southwestern Tepehuan;tla
Southwestern Tlaxiaco Mixtec;meh
Sowa;sww
Soyaltepec Mixtec;vmq
Spanish;es
Squamish;squ
Sranan Tongo;srn
Sri Lankan Creole Malay;sci
Ỹaroamë;yro
Stoney;sto
Suabo;szp
Suba-Simbiti;ssc
Suba;sxb
Subiya;sbs
Subtiaba;sut
Sudanese Arabic;apd
Sudovian;xsv
Suena;sue
Suga;sgi
Suganga;sug
Sugut Dusun;kzs
Sui;swi
Suki;sui
Suku;sub
Sukuma;suk
Sukur;syk
Sula;szn
Sumariup;siv
Sumau;six
Sumbawa;smw
Sumbwa;suw
Sumerian;sux
Sundanese;su
Sungwadaga;mwo
Sungwadia;mrb
Sunum;ymn
Sunwar;suz
Supyire;spp
Surigaonon;sgd
Surjapuri;sjp
Sursurunga;sgz
Suruí Do Pará;mdz
Suruí;sru
Surubu;sde
Susu;sus
Susuami;ssu
Suundi;sdj
Suyá;suy
Svan;sva
Swabian;swg
Swahili;sw
Swampy Cree;csw
Swazi;ss
Swedish;sv
Swo;sox
Sylheti;syl
Tîrî;cir
Tübatulabal;tub
Tày;tyz
Tây Bồi;tas
Taíno;tnq
Taabwa;tap
Tabaa Zapotec;zat
Tabaru;tby
Tabasaran;tab
Tabasco Chontal;chf
Tabasco Nahuatl;nhc
Tabasco Zoque;zoq
Tabriak;tzx
Tacahua Mixtec;xtt
Tacana;tna
Tachawit;shy
Tadaksahak;dsq
Tadyawan;tdy
Tae';rob
Tagabawa;bgs
Tagakaulu Kalagan;klg
Tagal Murut;mvv
Tagalog;tl
Tagbanwa;tbw
Tagish;tgx
Tagoi;tag
Tahitian;ty
Tahltan;tht
Tai Dón;twh
Tai Daeng;tyr
Tai Dam;blt
Tai Do;tyj
Tai Laing;tjl
Tai Nüa;tdd
Tai Ya;cuu
Tai;taw
Taikat;aos
Tainae;ago
Taita;dav
Taivoan;tvx
Tajik;tg
Tajiki Arabic;abh
Tajio;tdj
Takia;tbc
Takuu;nho
Takwane;tke
Tal;tal
Tala;tak
Taliabu;tlv
Talossan;tzl
Talysh;tly
Tama (Colombia);ten
Tamambo;mla
Taman (Indonesia);tmn
Taman (Myanmar);tcl
Tamanaku;tmz
Tamazola Mixtec;vmx
Tambora;xxt
Tambotalo;tls
Tambunan Dusun;kzt
Tamil;ta
Tamki;tax
Tampuan;tpu
Tanacross;tcb
Tanchangya;tnv
Tandaganon;tgn
Tandia;tni
Tanema;tnx
Tangale;tan
Tanggu;tgu
Tangkhul Naga;nmf
Tangoa;tgp
Tangsa;nst
Tanguat;tbs
Tangut;txg
Tanimbili;tbe
Tanimuca-Retuarã;tnc
Tanudan Kalinga;kml
Taos;twf
Tapei;afp
Tapirapé;taf
Tara Baka;bdh
Tarao;tro
Taraon;mhu
Tariana;tae
Tarifit;rif
Tarjumo;txj
Tarok;yer
Taroko;trv
Tarpia;tpf
Tashelhit;shi
Tasmate;tmt
Tat;ttt
Tataltepec Chatino;cta
Tatar;tt
Tatuyo;tav
Taungyo;tco
Tause;tad
Tausug;tsg
Tauya;tya
Taveta;tvs
Tavoyan;tvn
Tavringer Romani;rmu
Tawala;tbo
Tawandê;xtw
Tawang Monpa;twm
Taworta;tbp
Tayabas Ayta;ayy
Tayo;cks
Tboli;tbl
Tchumbuli;bqa
Te'un;tve
Teanu;tkw
Tebul Ure Dogon;dtu
Tecpatlán Totonac;tcw
Tedim Chin;ctd
Tee;tkq
Tefaro;tfo
Tegali;ras
Tehuelche;teh
Teiwa;twe
Tejalapan Zapotec;ztt
Teke-Tyee;tyx
Telugu;te
Tem;kdh
Temascaltepec Nahuatl;nhv
Tembé;tqb
Temi;soz
Temiar;tea
Temoaya Otomi;ott
Ten'edn;tnz
Tenango Otomi;otn
Tene Kan Dogon;dtk
Tengger;tes
Tenharim;pah
Tenino;tqn
Tenis;tns
Teop;tio
Tepecano;tep
Tepetotutla Chinantec;cnt
Tepeuxila Cuicatec;cux
Tepinapa Chinantec;cte
Ter Sami;sjt
Terei;buo
Tereno;ter
Teribe;tfr
Termanu;twu
Ternate;tft
Tetelcingo Nahuatl;nhg
Tetete;teb
Tetserret;tez
Tetum;tet
Tetun Dili;tdt
Teutila Cuicatec;cut
Tewa;tew
Texcatepec Otomi;otx
Texistepec Popoluca;poq
Texmelucan Zapotec;zpz
Tezoatlán Mixtec;mxb
Thai Sign Language;tsq
Thai Song;soa
Thai;th
Thao;ssf
Tharrgari;dhr
Thavung;thm
Tho;tou
Thompson;thp
Thracian;txh
Tiéyaxo Bozo;boz
Tiagbamrin Aizi;ahi
Tiale;mnl
Tiang;tbj
Tibea;ngy
Tibetan;bo
Ticuna;tca
Tidaá Mixtec;mtx
Tidore;tvo
Tiemacèwè Bozo;boo
Tigak;tgc
Tigon Mbembe;nza
Tigre;tig
Tigrinya;ti
Tijaltepec Mixtec;xtl
Tikar;tik
Tikopia;tkp
Tilapa Otomi;otl
Tillamook;til
Tilquiapan Zapotec;zts
Timor Pidgin;tvy
Timugon Murut;tih
Tindi;tin
Tingui-Boto;tgv
Tirax;mme
Tiruray;tiy
Tiv;tiv
Tiwa;lax
Tiwi;tiw
Tjurruru;tju
Tlacoatzintepec Chinantec;ctl
Tlacolulita Zapotec;zpk
Tlahuica;ocu
Tlamacazapa Nahuatl;nuz
Tlazoyaltepec Mixtec;mqh
Tlingit;tli
To'abaita;mlu
Toba-Maskoy;tmf
Toba Batak;bbc
Toba;tob
Tobagonian Creole English;tgh
Tobati;tti
Tobelo;tlb
Tobilung;tgb
Tocantins Asurini;asu
Tocharian A;xto
Tocharian B;txb
Tocho;taz
Toda;tcx
Tofa;kim
Tojolabal;toj
Tok Pisin;tpi
Toka-Leya;dov
Tokano;zuh
Tokelauan;tkl
Toki Pona;tok
Tokunoshima;tkn
Tol;jic
Tolai;ksd
Tolaki;lbw
Tolomako;tlm
Tolowa;tol
Toma;tod
Tomadino;tdi
Tombonuo;txa
Tombulu;tom
Tomini;txm
Tommo So;dto
Tomo Kan Dogon;dtm
Tondano;tdn
Tonga (Malawi);tog
Tonga (Zambia);toi
Tongan;to
Tonkawa;tqw
Tonsawang;tnw
Tonsea;txs
Tontemboan;tnt
Tooro;ttj
Toraja-Sa'dan;sda
Toro So Dogon;dts
Toro Tegu Dogon;dtt
Toromono;tno
Torres Strait Creole;tcs
Torricelli Yau;yyu
Torricelli;tei
Torwali;trw
Totela;ttl
Toto;txo
Totoli;txe
Totomachapan Zapotec;zph
Totontepec Mixe;mto
Totoro;ttk
Toura;neb
Translingual;mul
Traveller Danish;rmd
Traveller Norwegian;rmg
Traveller Scottish;trl
Trió;tri
Trinidadian Creole English;trf
Tsafiki;cof
Tsakhur;tkr
Tsakonian;tsd
Tsetsaut;txc
Tsez;ddo
Tshangla;tsj
Tsimané;cas
Tsimshian;tsi
Tsonga;ts
Tsotsitaal;fly
Tsou;tsu
Tsucuba;cbq
Tsuut'ina;srs
Tswana;tn
Tuamotuan;pmt
Tuareg;tmh
Tubar;tbu
Tucano;tuo
Tukang Besi South;bhq
Tuki;bag
Tukudede;tkd
Tukumanféd;tkf
Tulishi;tey
Tulu-Bohuai;rak
Tulu;tcy
Tuma-Irumu;iou
Tumbuka;tum
Tumshuqese;xtq
Tumulung Sisaala;sil
Tundra Enets;enh
Tundra Nenets;yrk
Tungag;lcm
Tunggare;trt
Tunica;tun
Tunisian Arabic;aeb
Tunjung;tjg
Tunzu;dza
Tuotomb;ttf
Tuparí;tpr
Tupinambá;tpn
Tupuri;tui
Turiwára;twt
Turka;tuz
Turkana;tuv
Turkish;tr
Turkmen;tk
Turks and Caicos Creole English;tch
Turoyo;tru
Turung;try
Tuscarora;tus
Tutelo;tta
Tutong;ttg
Tutuba;tmi
Tututepec Mixtec;mtu
Tututni;tuu
Tuvaluan;tvl
Tuvan;tyv
Tuwali Ifugao;ifk
Tuwuli;bov
Tuxináwa;tux
Tuyuca;tue
Twana;twa
Twi;tw
Tyap;kcg
Tz'utujil;tzj
Tzeltal;tzh
Tzotzil;tzo
Uab Meto;aoz
Ubaghara;byc
Ubang;uba
Ubir;ubr
Ubykh;uby
Ucayali-Yurúa Ashéninka;cpb
Udi;udi
Udihe;ude
Udmurt;udm
Ufim;ufi
Ugaritic;uga
Uhami;uha
Ujir;udj
Ukpe-Bayobiri;ukp
Ukpet-Ehom;akd
Ukrainian;uk
Ukue;uku
Ukwuani-Aboh-Ndoni;ukw
Ulau-Suain;svb
Ulch;ulc
Uldeme;udl
Uma;ppk
Umanakaina;gdn
Umatilla;uma
Umbrian;xum
Umbu-Ungu;ubu
Umbundu;umb
Ume Sami;sju
Umiida;xud
Umiray Dumaget Agta;due
Umon;umm
Umpila;ump
Unami;unm
Unde Kaili;unz
Undetermined;und
Uneapa;bbn
Uneme;une
Unggaranggu;xun
Unggumi;xgu
Unserdeutsch;uln
Unua;onu
Uokha;uok
Upper Chehalis;cjh
Upper Grand Valley Dani;dna
Upper Kinabatangan;dmg
Upper Kuskokwim;kuu
Upper Necaxa Totonac;tku
Upper Sorbian;hsb
Upper Tanana;tau
Upper Taromi;tov
Upper Umpqua;xup
Ura (Papua New Guinea);uro
Ura (Vanuatu);uur
Uradhi;urf
Urak Lawoi';urk
Urali;url
Urartian;xur
Urat;urt
Urdu;ur
Urhobo;urh
Uri;uvh
Urigina;urg
Urim;uri
Urimo;urx
Uru-Eu-Wau-Wau;urz
Uru-Pa-In;urp
Uruangnirin;urn
Uruava;urv
Urubú-Kaapor;urb
Urum;uum
Urumi;uru
Usaghade;usk
Usan;wnu
Usarufa;usa
Ushojo;ush
Usila Chinantec;cuc
Uspanteco;usp
Utarmbung;omo
Ute;ute
Uvbie;evh
Uyajitaya;duk
Uyghur;ug
Uzbek;uz
Uzbeki Arabic;auz
Uzekwe;eze
Võro;vro
Vaagri Booli;vaa
Vaghri;vgr
Vaghua;tva
Vai;vai
Valle Nacional Chinantec;cvn
Valley Maidu;vmv
Valpei;vlp
Vamale;mkt
Vandalic;xvn
Vangunu;mpr
Vao;vao
Varhadi;vah
Varli;vav
Veddah;ved
Venda;ve
Venetan;vec
Venetic;xve
Ventureño;veo
Veps;vep
Vera'a;vra
Vestinian;xvs
Vietnamese;vi
Vilamovian;wym
Vili;vif
Villa Viciosa Agta;dyg
Vincentian Creole English;svc
Virgin Islands Creole;vic
Viya;gev
Vlax Romani;rmy
Volapük;vo
Volscian;xvo
Votic;vot
Vunapu;vnp
Vunjo;vun
Vurës;msn
Vute;vut
Wè Southern;gxx
Wãpha;juw
Wa'ema;wag
Waama;wwa
Waamwang;wmn
Wab;wab
Wabo;wbb
Waffa;waj
Wageman;waq
Wagi;fad
Waigali;wbk
Wailaki;wlk
Wailapa;wlr
Waima'a;wmh
Waimaha;bao
Waimiri-Atroari;atr
Waiwai;waw
Wajarri;wbv
Wakhi;wbl
Wali (Ghana);wlx
Waling;wly
Walla Walla;waa
Wallisian;wls
Walloon;wa
Walmajarri;wmt
Wam;wmo
Wambaya;wmb
Wambon;wms
Wambule;wme
Wamey;cou
Wampar;lbq
Wampur;waz
Wané;hwa
Wanambre;wnb
Wanap;wnp
Wancho;nnp
Wandala;mfi
Wandamen;wad
Wandarang;wnd
Waneci;wne
Wanggamala;wnm
Wangganguru;wgg
Wanggom;wng
Wangkumara;xwk
Wanji;wbi
Wano;wno
Wantoat;wnc
Wanukaka;wnk
Wanyi;wny
Wapishana;wap
Wappo;wao
War-Jaintia;aml
Warao;wba
Warapu;wra
Waray-Waray;war
Waray Sorsogon;srv
Warekena;gae
Wari';pav
Waritai;wbe
Wariyangga;wri
Warji;wji
Warkay-Bipim;bgv
Warlpiri;wbp
Warluwara;wrb
Waropen;wrp
Warrgamay;wgy
Warumungu;wrm
Warungu;wrg
Warwar Feni;hrw
Wasa;wss
Wasco-Wishram;wac
Wasembo;gsp
Washo;was
Waskia;wsk
Wastek;hus
Watam;wax
Wathaurong;wth
Watiwa;wtf
Watubela;wah
Wauja;wau
Wawa;www
Wawonii;wow
Waxiang;wxa
Wayampi;oym
Wayana;way
Wayanad Chetti;ctt
Wayuu;guc
Wedau;wed
Weliki;klh
Welsh Romani;rmw
Welsh;cy
Wemba-Wemba;xww
Wendat;wdt
West Albay Bikol;fbl
West Ambae;nnd
West Central Banda;bbp
West Coast Bajau;bdr
West Damar;drn
West Flemish;vls
West Frisian;fy
West Makian;mqs
West Tarangan;txn
West Uvean;uve
Western Apache;apw
Western Arrernte;are
Western Bolivian Guaraní;gnw
Western Bru;brv
Western Bukidnon Manobo;mbb
Western Cham;cja
Western Dani;dnw
Western Durango Nahuatl;azn
Western Fijian;wyy
Western Gurung;gvr
Western Highland Chatino;ctp
Western Huasteca Nahuatl;nhw
Western Juxtlahuaca Mixtec;jmx
Western Katu;kuf
Western Kayah;kyu
Western Keres;kjq
Western Lawa;lcp
Western Magar;mrd
Western Mari;mrj
Western Neo-Aramaic;amw
Western Ojibwa;ojw
Western Parbate Kham;kjl
Western Penan;pne
Western Pwo;pwo
Western Sisaala;ssl
Western Subanon;suc
Western Tamang;tdg
Western Totonac;tqt
Western Xiangxi Miao;mmr
Western Xwla Gbe;xwl
Western Yugur;ybe
Weyewa;wew
White Hmong;mww
Whitesands;tnp
Wiarumus;tua
Wichí Lhamtés Güisnay;mzh
Wichí Lhamtés Nocten;mtp
Wichí Lhamtés Vejoz;wlv
Wichita;wic
Wik-Mungkan;wim
Winnebago;win
Wintu;wnw
Wipi;gdr
Wiradjuri;wrh
Wiraféd;wir
Wirangu;wgu
Wiwa;mbp
Wiyot;wiy
Woccon;xwc
Wogamusin;wog
Wogeo;woc
Woi;wbw
Woiwurrung;wyi
Wolane;wle
Wolani;wod
Wolaytta;wal
Woleaian;woe
Wolio;wlo
Wolof;wo
Womo;wmx
Wongo;won
Woods Cree;cwd
Woria;wor
Worimi;kda
Woun Meu;noa
Written Oirat;xwo
Wu;wuu
Wudu;wud
Wumboko;bqm
Wumbvu;wum
Wushi;bse
Wusi;wsi
Wutung;wut
Wutunhua;wuh
Wuvulu-Aua;wuv
Wyandot;wya
Xârâcùù;ane
Xârâgurè;axx
Xadani Zapotec;zax
Xakriabá;xkr
Xamtanga;xan
Xanaguía Zapotec;ztg
Xavante;xav
Xerénte;xer
Xetá;xet
Xhosa;xh
Xiang;hsn
Xibe;sjo
Xicotepec de Juárez Totonac;too
Xinca;xin
Xingú Asuriní;asn
Xiriâna;xir
Yámana;yag
Yaa;iyx
Yabaâna;ybn
Yabarana;yar
Yabula Yabula;yxy
Yace;ekr
Yaeyama;rys
Yagara;yxg
Yagaria;ygr
Yagnobi;yai
Yagomi;ygm
Yagwoia;ygw
Yaka;yaf
Yakan;yka
Yakima;yak
Yakkha;ybh
Yakut;sah
Yalálag Zapotec;zpu
Yala;yba
Yalahatan;jal
Yalakalore;xyl
Yalarnnga;ylr
Yale;nce
Yamap;ymp
Yamba;yam
Yambes;ymb
Yambeta;yat
Yamdena;jmd
Yami;tao
Yaminahua;yaa
Yamongeri;ymg
Yamphu;ybi
Yan-nhangu;jay
Yanda Dogon;dym
Yandruwandha;ynd
Yanesha';ame
Yangben;yav
Yangkam;bsx
Yango;yng
Yangum Dey;yde
Yangum Gel;ygl
Yangum Mon;ymo
Yankunytjatjara;kdd
Yanomam;wca
Yanomamö;guu
Yanyuwa;jao
Yao;yao
Yaosakor Asmat;asy
Yapese;yap
Yapunda;yev
Yaqay;jaq
Yaqui;yaq
Yareni Zapotec;zae
Yarli;yxl
Yasa;yko
Yatee Zapotec;zty
Yatzachi Zapotec;zav
Yaul;yla
Yaur;jau
Yautepec Zapotec;zpb
Yavitero;yvt
Yawa;yva
Yawalapití;yaw
Yawanawa;ywn
Yawarawarga;yww
Yawijibaya;jbw
Yawuru;ywr
Yazghulami;yah
Ye'kwana;mch
Yekhee;ets
Yemaek;hmk
Yemba;ybb
Yemeni Arabic;ayn
Yendang;yen
Yenish;yec
Yeretuar;gop
Yeskwa;yes
Yessan-Mayo;yss
Yevanic;yej
Yiddish;yi
Yidgha;ydg
Yidiny;yii
Yil;yll
Yilan Creole;ycr
Yimchungru Naga;yim
Yindjibarndi;yij
Yindjilandji;yil
Yine;pib
Yinggarda;yia
Yinhawangka;ywg
Yinwum;yxm
Yir-Yoront;yiy
Yis;yis
Yoba;yob
Yocoboué Dida;gud
Yogad;yog
Yola;yol
Yolmo;scp
Yoloxochitl Mixtec;xty
Yombe;yom
Yonaguni;yoi
Yong;yno
Yopno;yut
Yora;mts
Yoron;yox
Yorta Yorta;xyy
Yoruba;yo
Yosondúa Mixtec;mpm
Younuo Bunu;buh
Yout Wam;ytw
Yuanga;nua
Yucatec Maya Sign Language;msd
Yucatec Maya;yua
Yucuañe Mixtec;mvg
Yucuna;ycn
Yug;yug
Yuhup;yab
Yuki;yuk
Yukpa;yup
Yuma;yum
Yup'ik;esu
Yuqui;yuq
Yuracare;yuz
Yurok;yur
Yurutí;yui
Yutanduchi Mixtec;mab
Yuyu;yxu
Záparo;zro
Zaachila Zapotec;ztx
Zabana;kji
Zacatepec Chatino;ctz
Zacatlán-Ahuacatlán-Tepetzintla Nahuatl;nhi
Zaghawa;zag
Zaiwa;atb
Zakhring;zkr
Zan Gula;zna
Zanaki;zak
Zande;zne
Zangskari;zau
Zangwal;zah
Zaniza Zapotec;zpw
Zapotec;zap
Zaramo;zaj
Zari;zaz
Zarma;dje
Zauzou;zal
Zay;zwa
Zayse-Zergulla;zay
Zazaki;zza
Zazao;jaj
Zealandic;zea
Zeem;zua
Zemba;dhm
Zenag;zeg
Zenaga;zen
Zenzontepec Chatino;czn
Zhang-Zhung;xzh
Zhire;zhi
Zhoa;zhw
Zhuang;za
Zia;zia
Zialo;zil
Zigula;ziw
Zimakani;zik
Zimba;zmb
Zinza;zin
Zirenkel;zrn
Ziriya;zir
Zizilivakan;ziz
Zo'é;pto
Zokhuo;yzk
Zoogocho Zapotec;zpq
Zotung Chin;czt
Zou;zom
Zulgo-Gemzek;gnd
Zulu;zuGhotuo;aaa
Zumaya;zuy
Zuni;zun
Zuojiang Zhuang;zzj
Zyphe;zyp
